Origem,Data protocolo,Tipo de Tecnologia,Tema da Saúde,Demandante,Nome da tecnologia,Status,Indicação,Motivo da solicitação,Data decisão
Interna,2012-01-01,Medicamento,Reumatologia,Secretaria de Estado de Saúde de Minas Gerais  SES/MG,Adalimumabe,Processo encerrado: decisão de não incorporação no SUS,Tratamento da psoríase moderada a grave em adultos,Incorporação,2012-10-05
Interna,2012-01-01,Medicamento,Reumatologia,Secretaria de Estado de Saúde de Minas Gerais  SES/MG,Etanercepte,Processo encerrado: decisão de não incorporação no SUS,Tratamento da psoríase moderada a grave em adultos,Incorporação,2012-10-05
Interna,2012-01-01,Medicamento,Reumatologia,Secretaria de Estado de Saúde de Minas Gerais  SES/MG,Infliximabe,Processo encerrado: decisão de não incorporação no SUS,Tratamento da psoríase moderada a grave em adultos,Incorporação,2012-10-05
Interna,2012-01-01,Medicamento,Reumatologia,Secretaria de Estado de Saúde de Minas Gerais  SES/MG,Ustequinumabe,Processo encerrado: decisão de não incorporação no SUS,Tratamento da psoríase moderada a grave em adultos,Incorporação,2012-10-05
Interna,2012-03-05,Medicamento,Infectologia,Secretaria de Vigilância em Saúde  SVS/MS,Telaprevir,Processo encerrado: decisão de incorporação no SUS,Tratamento da Hepatite crônica C,Incorporação,2012-07-26
Interna,2012-03-05,Medicamento,Infectologia,Secretaria de Vigilância em Saúde  SVS/MS,Boceprevir,Processo encerrado: decisão de incorporação no SUS,Tratamento da Hepatite crônica C,Incorporação,2012-07-26
Interna,2012-05-10,Medicamento,Reumatologia,Secretaria de Atenção à Saúde  SAS/MS,Sildenafila,Processo encerrado: decisão de incorporação no SUS,Tratamento do fenômeno de Raynaud na esclerose sistêmica,Incorporação,2012-10-04
Interna,2012-05-10,Medicamento,Nefrologia,Secretaria de Atenção à Saúde  SAS/MS,Tacrolimo,Processo encerrado: decisão de incorporação no SUS,Tratamento da síndrome nefrótica primária,Incorporação,2012-10-04
Interna,2012-05-10,Medicamento,Oncologia,Secretaria de Atenção à Saúde  SAS/MS,Trastuzumabe,Processo encerrado: decisão de incorporação no SUS,Tratamento do câncer de mama avançado,Incorporação,2012-07-26
Interna,2012-05-10,Medicamento,Oncologia,Secretaria de Atenção à Saúde  SAS/MS,Trastuzumabe,Processo encerrado: decisão de incorporação no SUS,Tratamento do câncer de mama inicial,Incorporação,2012-07-26
Interna,2012-06-01,Medicamento,Genética,Secretaria de Atenção à Saúde  SAS/MS,Biotina,Processo encerrado: decisão de incorporação no SUS,Tratamento da deficiência de biotinidase,Incorporação,2012-10-04
Interna,2012-06-01,Procedimento,Ginecologia/Urologia,Secretaria de Atenção à Saúde  SAS/MS,Mastectomia Simples bilateral em usuário sob processo transexualizador,Processo encerrado: decisão de incorporação no SUS,Processo transexualizador,Incorporação,2014-05-16
Interna,2012-06-01,Procedimento,Ginecologia/Urologia,Secretaria de Atenção à Saúde  SAS/MS,Histerectomia com anexectomia bilateral,Processo encerrado: decisão de incorporação no SUS,Processo transexualizador,Incorporação,2014-05-16
Interna,2012-06-01,Procedimento,Ginecologia/Urologia,Secretaria de Atenção à Saúde  SAS/MS,Colpectomia em usuário sob processo sexualizador,Processo encerrado: decisão de incorporação no SUS,Processo transexualizador,Incorporação,2014-05-16
Interna,2012-06-01,Procedimento,Ginecologia/Urologia,Secretaria de Atenção à Saúde  SAS/MS,Cirurgia complementar de redesignação sexual,Processo encerrado: decisão de incorporação no SUS,Processo transexualizador,Incorporação,2014-05-16
Interna,2012-06-01,Procedimento,Ginecologia/Urologia,Secretaria de Atenção à Saúde  SAS/MS,Administração hormonal Testosterona,Processo encerrado: decisão de incorporação no SUS,Processo transexualizador,Incorporação,2014-05-16
Interna,2012-06-01,Medicamento,Reumatologia,Secretaria de Atenção à Saúde  SAS/MS,Naproxeno,Processo encerrado: decisão de incorporação no SUS,Tratamento da espondilite ancilosante,Incorporação,2012-10-04
Interna,2012-06-01,Medicamento,Reumatologia,Secretaria de Atenção à Saúde  SAS/MS,Clobetasol,Processo encerrado: decisão de incorporação no SUS,Tratamento da psoríase,Incorporação,2012-10-04
Interna,2012-06-25,Medicamento,Infectologia,Secretaria de Vigilância em Saúde  SVS/MS,Maraviroque,Processo encerrado: decisão de incorporação no SUS,Pacientes em terapia antirretroviral,Incorporação,2012-10-25
Interna,2012-07-04,Medicamento,Pneumologia,Secretaria de Atenção à Saúde  SAS/MS,Vacina contra influenza,Processo encerrado: decisão de incorporação no SUS,Tratamento da doença pulmonar obstrutiva crônica (DPOC),Incorporação,2012-09-26
Interna,2012-07-04,Produto,Pneumologia,Secretaria de Atenção à Saúde  SAS/MS,Exame diagnóstico,Processo encerrado: decisão de incorporação no SUS,Deficiência de alfa1 antitripsina para portadores de doença pulmonar obstrutiva crônica (DPOC),Incorporação,2012-09-26
Interna,2012-07-04,Medicamento,Pneumologia,Secretaria de Atenção à Saúde  SAS/MS,Budesonida,Processo encerrado: decisão de incorporação no SUS,Tratamento da doença pulmonar obstrutiva crônica (DPOC),Incorporação,2012-09-26
Interna,2012-07-04,Medicamento,Pneumologia,Secretaria de Atenção à Saúde  SAS/MS,Beclometasona,Processo encerrado: decisão de incorporação no SUS,Tratamento da doença pulmonar obstrutiva crônica (DPOC),Incorporação,2012-09-26
Interna,2012-07-04,Medicamento,Pneumologia,Secretaria de Atenção à Saúde  SAS/MS,Fenoterol,Processo encerrado: decisão de incorporação no SUS,Tratamento da doença pulmonar obstrutiva crônica (DPOC),Incorporação,2012-09-26
Interna,2012-07-04,Medicamento,Pneumologia,Secretaria de Atenção à Saúde  SAS/MS,Salbutamol,Processo encerrado: decisão de incorporação no SUS,Tratamento da doença pulmonar obstrutiva crônica (DPOC),Incorporação,2012-09-26
Interna,2012-07-04,Medicamento,Pneumologia,Secretaria de Atenção à Saúde  SAS/MS,Formoterol,Processo encerrado: decisão de incorporação no SUS,Tratamento da doença pulmonar obstrutiva crônica (DPOC),Incorporação,2012-09-26
Interna,2012-07-04,Medicamento,Pneumologia,Secretaria de Atenção à Saúde  SAS/MS,Salmeterol,Processo encerrado: decisão de incorporação no SUS,Tratamento da doença pulmonar obstrutiva crônica (DPOC),Incorporação,2012-09-26
Interna,2012-07-04,Procedimento,Pneumologia,Secretaria de Atenção à Saúde  SAS/MS,Oxigenoterapia domiciliar,Processo encerrado: decisão de incorporação no SUS,Tratamento da doença pulmonar obstrutiva crônica (DPOC),Incorporação,2012-09-26
Interna,2012-07-05,Medicamento,Oncologia,Secretaria de Atenção à Saúde  SAS/MS,Alfainterferona,Processo encerrado: decisão de incorporação no SUS,Quimioterapia adjuvante do melanoma cutâneo em estágio clínico III,Incorporação,2013-01-21
Interna,2012-07-05,Produto,Cardiovascular,"Secretaria de Ciência, Tecnologia e Insumos Estratégicos SCTIE/MS",Oclusores septais,Processo encerrado: a pedido do demandante,Defeitos do septo interatrial,Incorporação,
Interna,2012-07-09,Procedimento,Infectologia,Secretaria de Estado da Saúde de São Paulo  SES/SP,Teste de dosagem de adenosina deaminase (ADA),Processo encerrado: decisão de incorporação no SUS,Diagnóstico precoce de tuberculose extrapulmonar,Incorporação,2014-05-16
Interna,2012-07-10,Procedimento,Oftalmologia,Secretaria de Atenção à Saúde  SAS/MS,Tomografia de coerência óptica (OCT),Processo encerrado: decisão de incorporação no SUS,Avaliação de doenças da retina,Incorporação,2013-06-13
Interna,2012-07-10,Medicamento,Saúde da Mulher,Secretaria de Atenção à Saúde  SAS/MS,Heparina de baixo peso molecular,Processo encerrado: decisão de não incorporação no SUS,Gestantes e puérperas com trombofilia,Incorporação,2013-07-04
Interna,2012-07-11,Medicamento,Infectologia,Secretaria de Vigilância em Saúde  SVS/MS,Vacina tetraviral,Processo encerrado: decisão de incorporação no SUS,"Varicela, sarampo, caxumba e rubéola",Incorporação,2013-01-21
Interna,2012-08-02,Procedimento,Gastroenterologia ,Secretaria de Atenção à Saúde  SAS/MS,CID K51.4 PCDT da Retocolite Ulcerativa,Processo encerrado: decisão de exclusão do SUS,Retocolite ulcerativa,Exclusão ,2012-10-05
Interna,2012-08-02,Produto,Nefrologia,Secretaria de Atenção à Saúde  SAS/MS,Pesquisa de fração C4D e imunoglobulina,Processo encerrado: decisão de incorporação no SUS,Tratamento da rejeição aguda mediada por anticorpos no transplante renal,Incorporação,2012-10-04
Interna,2012-08-02,Procedimento,Oncologia,Secretaria de Atenção à Saúde  SAS/MS,Dosagem do antígeno CA125,Processo encerrado: decisão de incorporação no SUS,Acompanhamento de tratamento e seguimento póstratamento de neoplasia maligna epitelial de ovário,Incorporação,2012-10-04
Interna,2012-08-20,Medicamento,Gastroenterologia ,Secretaria de Atenção à Saúde  SAS/MS,Polivitamínico,Processo encerrado: a pedido do demandante,Obesidade póscirurgia bariátrica,Incorporação,
Interna,2012-08-29,Procedimento,Hematologia,Secretaria de Atenção à Saúde  SAS/MS,Teste de amplificação de ácidos nucléicos (NAT),Processo encerrado: decisão de incorporação no SUS,Detecção dos vírus da imunodeficiência humana (HIV) e da hepatite C (HCV),Incorporação,2013-06-13
Interna,2012-09-06,Medicamento,Reumatologia,Secretaria de Atenção à Saúde  SAS/MS,Metotrexato injetável,Processo encerrado: decisão de incorporação no SUS,Tratamento da espondilite ancilosante,Incorporação,2013-09-11
Interna,2012-09-17,Medicamento,Infectologia,"Secretaria de Ciência, Tecnologia e Insumos Estratégicos SCTIE/MS",Flucitosina,Processo encerrado: a pedido do demandante,Criptococose,Incorporação,
Interna,2012-09-17,Medicamento,Ginecologia,Secretaria de Atenção à Saúde  SAS/MS,Etinil estradiol + levonorgestrel,Processo encerrado: a pedido do demandante,Contraceptivo feminino,Incorporação,
Interna,2012-10-03,Procedimento,Hematologia,Secretaria de Atenção à Saúde  SAS/MS,Teste do suor Dosagem de cloreto,Processo encerrado: decisão de incorporação no SUS,Diagnóstico da fibrose cística,Incorporação,2013-06-13
Interna,2012-10-04,Medicamento,Infectologia,Secretaria de Vigilância em Saúde  SVS/MS,"Vacina adsorvida difteria, tétano e pertussis (acelular) dTpa",Processo encerrado: decisão de incorporação no SUS,Vacinação de gestantes,Incorporação,2013-09-11
Interna,2012-10-10,Procedimento,Hematologia,Secretaria de Atenção à Saúde  SAS/MS,Fator VIII de origem recombinante,Processo encerrado: decisão de incorporação no SUS,Profilaxia primária e tratamento de pacientes com hemofilia A,Incorporação,2013-03-07
Interna,2012-10-31,Procedimento,Oncologia,Secretaria de Atenção à Saúde  SAS/MS,Linfadenectomia seletiva guiada (Linfonodo sentinela),Processo encerrado: decisão de incorporação no SUS,Oncologia,Incorporação,2013-06-13
Interna,2012-11-19,Produto,Imunologia,Secretaria de Atenção à Saúde  SAS/MS,Fórmula extensamente hidrolisada,Processo encerrado: a pedido do demandante,Alergia a proteína do leite de vaca,Incorporação,
Interna,2012-11-19,Produto,Imunologia,Secretaria de Atenção à Saúde  SAS/MS,Fórmula a base de soja,Processo encerrado: a pedido do demandante,Alergia a proteína do leite de vaca,Incorporação,
Interna,2012-11-19,Produto,Imunologia,Secretaria de Atenção à Saúde  SAS/MS,Fórmula de aminoácidos,Processo encerrado: a pedido do demandante,Alergia a proteína do leite de vaca,Incorporação,
Interna,2012-11-27,Procedimento,Pessoa com deficiência ,Secretaria de Atenção à Saúde  SAS/MS,Adaptação postural em cadeiras de rodas,Processo encerrado: decisão de incorporação no SUS,Problema de locomoção Não relacionado a ato cirúrgico,Incorporação,2013-05-08
Interna,2012-11-27,Procedimento,Pessoa com deficiência ,Secretaria de Atenção à Saúde  SAS/MS,Cadeira de rodas para banho em concha infantil,Processo encerrado: decisão de incorporação no SUS,Problema de locomoção Não relacionado a ato cirúrgico,Incorporação,2013-05-08
Interna,2012-11-27,Procedimento,Pessoa com deficiência ,Secretaria de Atenção à Saúde  SAS/MS,Cadeira de rodas para banho com encosto reclinável,Processo encerrado: decisão de incorporação no SUS,Problema de locomoção Não relacionado a ato cirúrgico,Incorporação,2013-05-08
Interna,2012-11-27,Procedimento,Pessoa com deficiência ,Secretaria de Atenção à Saúde  SAS/MS,Cadeira de rodas para banho com aro de propulsão,Processo encerrado: decisão de incorporação no SUS,Problema de locomoção Não relacionado a ato cirúrgico,Incorporação,2013-05-08
Interna,2012-11-27,Procedimento,Pessoa com deficiência ,Secretaria de Atenção à Saúde  SAS/MS,Cadeira de rodas tipo monobloco,Processo encerrado: decisão de incorporação no SUS,Problema de locomoção Não relacionado a ato cirúrgico,Incorporação,2013-05-08
Interna,2012-11-27,Procedimento,Pessoa com deficiência ,Secretaria de Atenção à Saúde  SAS/MS,Cadeira de rodas (acima de 90kg),Processo encerrado: decisão de incorporação no SUS,Problema de locomoção Não relacionado a ato cirúrgico,Incorporação,2013-05-08
Interna,2012-11-27,Procedimento,Pessoa com deficiência ,Secretaria de Atenção à Saúde  SAS/MS,Cadeira de rodas motorizada,Processo encerrado: decisão de incorporação no SUS,Problema de locomoção Não relacionado a ato cirúrgico,Incorporação,2013-05-08
Interna,2012-12-07,Procedimento,Ginecologia/Urologia,Secretaria de Atenção à Saúde  SAS/MS,Processo transexualizador Mastectomia Simples bilateral; histerectomia com anexectomia bilateral e colpectomia; cirurgias complementares de redesignação sexual; administração hormonal de testosterona e acompanhamento de usuários no processo transexualizador apenas para tratamento clínico,Processo encerrado: decisão de incorporação no SUS,Procedimento relativo ao processo transexualizador,Incorporação,2014-05-16
Interna,2012-12-12,Produto,Infectologia,Secretaria de Vigilância em Saúde  SVS/MS,Teste Xpert MTB/RIF,Processo encerrado: decisão de incorporação no SUS,Diagnóstico de casos novos de tuberculose e detecção de resistência à rifampicina,Incorporação,2013-09-11
Interna,2012-12-28,Medicamento,Infectologia,Secretaria de Vigilância em Saúde  SVS/MS,Doxiciclina injetável,Processo encerrado: decisão de incorporação no SUS,Febre maculosa brasileira e outras riquetsioses,Incorporação,2014-05-16
Interna,2012-12-29,Medicamento,Infectologia,Secretaria de Vigilância em Saúde  SVS/MS,Cloranfenicol suspensão,Processo encerrado: decisão de incorporação no SUS,Febre maculosa brasileira e outras riquetsioses,Incorporação,2014-05-16
Interna,2013-01-23,Produto,Otorrinolaringologia,Secretaria de Atenção à Saúde  SAS/MS,Sistema de frequência modulada pessoal (FM),Processo encerrado: decisão de incorporação no SUS,Equipamento que possibilita a acessibilidade da criança e/ou jovem com deficiência auditiva na escola,Incorporação,2013-05-08
Interna,2013-02-05,Medicamento,Hematologia,Secretaria de Atenção à Saúde  SAS/MS,Penicilina oral,Processo encerrado: decisão de incorporação no SUS,Profilaxia de infecção em crianças menores de 5 anos com doença falciforme,Incorporação,2013-09-11
Interna,2013-02-05,Medicamento,Hematologia,Secretaria de Atenção à Saúde  SAS/MS,Hidroxiureia,Processo encerrado: decisão de incorporação no SUS,Crianças com doença falciforme,Incorporação,2013-06-13
Interna,2013-03-07,Medicamento,Oncologia,Secretaria de Atenção à Saúde  SAS/MS,TSH recombinante,Processo encerrado: por decisão da Conitec,Câncer de tireoide,Incorporação,
Interna,2013-04-04,Medicamento,Cardiovascular,"Secretaria de Ciência, Tecnologia e Insumos Estratégicos SCTIE/MS",Ambrisentana e bosentana,Processo encerrado: decisão de incorporação no SUS,"Hipertensão arterial pulmonar (HAP) na falha primária, secundária ou contraindicação da sildenafila",Incorporação,2013-11-08
Interna,2013-05-09,Medicamento,Dermatologia,Secretaria de Atenção à Saúde  SAS/MS,Metotrexato injetável,Processo encerrado: decisão de incorporação no SUS,Psoríase,Incorporação,2013-09-10
Interna,2013-05-15,Procedimento,Dermatologia,Secretaria de Atenção à Saúde  SAS/MS,Terapia por pressão subatmosférica (VAC),Processo encerrado: decisão de não incorporação no SUS,Lesões traumáticas agudas extensas,Incorporação,2014-09-26
Interna,2013-06-04,Medicamento,Oncologia,Secretaria de Atenção à Saúde  SAS/MS,Rituximabe,Processo encerrado: decisão de incorporação no SUS,"Linfoma Não Hodgkin de células B, folicular, CD20 positivo, em 1ª e 2ª linha",Incorporação,2013-12-30
Interna,2013-06-04,Procedimento,Genética,Secretaria de Atenção à Saúde  SAS/MS,"Avaliação diagnóstica, procedimentos laboratoriais e aconselhamento genético",Processo encerrado: decisão de incorporação no SUS,Diagnóstico de doenças raras associadas a anomalias congênitas,Incorporação,2014-01-31
Interna,2013-06-05,Procedimento,Genética,Secretaria de Atenção à Saúde  SAS/MS,Análise de DNA pela técnica Southern Blot,Processo encerrado: decisão de incorporação no SUS,Diagnóstico de doenças raras associadas a anomalias congênitas,Incorporação,2014-01-31
Interna,2013-06-24,Medicamento,Hematologia,Secretaria de Atenção à Saúde  SAS/MS,Mesilato de imatinibe,Processo encerrado: decisão de incorporação no SUS,Para o tratamento da síndrome hipereosinfílica,Incorporação,2014-10-08
Interna,2013-06-25,Procedimento,Pessoa com deficiência ,Secretaria de Atenção à Saúde  SAS/MS,Materiais especiais Materiais elásticos para modelagem de cotos,Processo encerrado: decisão de incorporação no SUS,"Prevenção de úlceras de pressão/Simples na Tabela de Procedimentos, Medicamentos e OPM do SUS",Incorporação,2014-06-11
Interna,2013-06-25,Procedimento,Pessoa com deficiência ,Secretaria de Atenção à Saúde  SAS/MS,Materiais especiais Tábua/prancha para transferência,Processo encerrado: decisão de incorporação no SUS,"Prevenção de úlceras de pressão/Simples na Tabela de Procedimentos, Medicamentos e OPM do SUS",Incorporação,2014-06-11
Interna,2013-06-25,Procedimento,Pessoa com deficiência ,Secretaria de Atenção à Saúde  SAS/MS,Cinta para transferência,Processo encerrado: decisão de incorporação no SUS,"Prevenção de úlceras de pressão/Simples na Tabela de Procedimentos, Medicamentos e OPM do SUS",Incorporação,2014-06-11
Interna,2013-06-25,Procedimento,Pessoa com deficiência ,Secretaria de Atenção à Saúde  SAS/MS,Mesa de atividade para cadeiras de rodas (tábua mesa),Processo encerrado: decisão de incorporação no SUS,"Prevenção de úlceras de pressão/Simples na Tabela de Procedimentos, Medicamentos e OPM do SUS",Incorporação,2014-06-11
Interna,2013-06-25,Procedimento,Pessoa com deficiência ,Secretaria de Atenção à Saúde  SAS/MS,Almofadas de assento com células de ar interconectadas,Processo encerrado: decisão de incorporação no SUS,"Prevenção de úlceras de pressão/Simples na Tabela de Procedimentos, Medicamentos e OPM do SUS",Incorporação,2014-06-11
Interna,2013-06-25,Procedimento,Pessoa com deficiência ,Secretaria de Atenção à Saúde  SAS/MS,Almofada de assento para cadeira de rodas,Processo encerrado: decisão de incorporação no SUS,"Prevenção de úlceras de pressão/Simples na Tabela de Procedimentos, Medicamentos e OPM do SUS",Incorporação,2014-06-11
Interna,2013-06-25,Produto,Pessoa com deficiência ,Secretaria de Atenção à Saúde  SAS/MS,Bengala de 4 pontas,Processo encerrado: decisão de incorporação no SUS,"Problema de locomoção na Tabela de Procedimentos, Medicamentos e OPM do SUS",Incorporação,2014-06-11
Interna,2013-06-25,Produto,Pessoa com deficiência ,Secretaria de Atenção à Saúde  SAS/MS,Bota imobilizadora para tornozelo,Processo encerrado: a pedido do demandante,Problema de locomoção,Incorporação,
Interna,2013-06-25,Procedimento,Genética,Secretaria de Atenção à Saúde  SAS/MS,"Avaliação diagnóstica, procedimentos laboratoriais e aconselhamento genético",Processo encerrado: decisão de incorporação no SUS,Doenças raras,Incorporação,2014-01-31
Interna,2013-07-01,Medicamento,Oncologia,Secretaria de Estado da Saúde de São Paulo  SES/SP,Temozolamida,Processo encerrado: decisão de não incorporação no SUS,Para o tratamento pósoperatório de pacientes portadores de gliomas de alto grau,Incorporação,2014-09-26
Interna,2013-07-04,Medicamento,Reumatologia,Secretaria de Atenção à Saúde  SAS/MS,Azatioprina,Processo encerrado: decisão de incorporação no SUS,Artrite reumatoide,Incorporação,2014-05-16
Interna,2013-07-04,Medicamento,Reumatologia,Secretaria de Atenção à Saúde  SAS/MS,Naproxeno,Processo encerrado: decisão de incorporação no SUS,Artrite reumatoide,Incorporação,2014-05-16
Interna,2013-07-04,Medicamento,Reumatologia,Secretaria de Atenção à Saúde  SAS/MS,Adalimumabe,Processo encerrado: decisão de exclusão do SUS,Doença Reumatoide do Pulmão e Vasculite Reumatoide,Exclusão ,2013-12-17
Interna,2013-07-04,Medicamento,Reumatologia,Secretaria de Atenção à Saúde  SAS/MS,Certolizumabe pegol,Processo encerrado: decisão de exclusão do SUS,Doença Reumatoide do Pulmão e Vasculite Reumatoide,Exclusão ,2013-12-17
Interna,2013-07-04,Medicamento,Reumatologia,Secretaria de Atenção à Saúde  SAS/MS,Etanercepte,Processo encerrado: decisão de exclusão do SUS,Doença Reumatoide do Pulmão e Vasculite Reumatoide,Exclusão ,2013-12-17
Interna,2013-07-04,Medicamento,Reumatologia,Secretaria de Atenção à Saúde  SAS/MS,Infliximabe,Processo encerrado: decisão de exclusão do SUS,Doença Reumatoide do Pulmão e Vasculite Reumatoide,Exclusão ,2013-12-17
Interna,2013-07-04,Medicamento,Reumatologia,Secretaria de Atenção à Saúde  SAS/MS,Golimumabe,Processo encerrado: decisão de exclusão do SUS,Doença Reumatoide do Pulmão e Vasculite Reumatoide,Exclusão ,2013-12-17
Interna,2013-07-04,Medicamento,Reumatologia,Secretaria de Atenção à Saúde  SAS/MS,Rituximabe,Processo encerrado: decisão de exclusão do SUS,Doença Reumatoide do Pulmão e Vasculite Reumatoide,Exclusão ,2013-12-17
Interna,2013-07-04,Medicamento,Reumatologia,Secretaria de Atenção à Saúde  SAS/MS,Abatacepte,Processo encerrado: decisão de exclusão do SUS,Doença Reumatoide do Pulmão e Vasculite Reumatoide,Exclusão ,2013-12-17
Interna,2013-07-04,Medicamento,Reumatologia,Secretaria de Atenção à Saúde  SAS/MS,Tocilizumabe,Processo encerrado: decisão de exclusão do SUS,Doença Reumatoide do Pulmão e Vasculite Reumatoide,Exclusão ,2013-12-17
Interna,2013-07-04,Medicamento,Reumatologia,Secretaria de Atenção à Saúde  SAS/MS,Leflunomida,Processo encerrado: decisão de exclusão do SUS,Doença Reumatoide do Pulmão (CID M051) e Vasculite Reumatoide (CID M052),Exclusão ,2013-12-17
Interna,2013-07-04,Medicamento,Reumatologia,Secretaria de Atenção à Saúde  SAS/MS,Cloroquina,Processo encerrado: decisão de exclusão do SUS,Doença Reumatoide do Pulmão (CID M051) e Vasculite Reumatoide (CID M052),Exclusão ,2013-12-17
Interna,2013-07-04,Medicamento,Reumatologia,Secretaria de Atenção à Saúde  SAS/MS,Hidroxicloroquina,Processo encerrado: decisão de exclusão do SUS,Doença Reumatoide do Pulmão (CID M051) e Vasculite Reumatoide (CID M052),Exclusão ,2013-12-17
Interna,2013-07-04,Medicamento,Reumatologia,Secretaria de Atenção à Saúde  SAS/MS,Metotrexato,Processo encerrado: decisão de exclusão do SUS,Doença Reumatoide do Pulmão (CID M051) e Vasculite Reumatoide (CID M052),Exclusão ,2013-12-17
Interna,2013-07-04,Medicamento,Reumatologia,Secretaria de Atenção à Saúde  SAS/MS,Sulfassalazina,Processo encerrado: decisão de exclusão do SUS,Doença Reumatoide do Pulmão (CID M051) e Vasculite Reumatoide (CID M052),Exclusão ,2013-12-17
Interna,2013-07-04,Medicamento,Reumatologia,Secretaria de Atenção à Saúde  SAS/MS,Ciclosporina,Processo encerrado: decisão de exclusão do SUS,"Tratamento de Síndrome de Felty (CID M050), Artrite reumatoide com comprometimento de outros órgãos e sistemas (M053), outras artrites reumatoides soropositivas (M058), Artrite reumatoide soronegativa (M060) e outras artrites reumatoides especificadas (M068)",Exclusão ,2013-12-17
Interna,2013-07-04,Medicamento,Infectologia,Secretaria de Vigilância em Saúde  SVS/MS,Vacina contra HPV,Processo encerrado: decisão de incorporação no SUS,Prevenção de câncer de colo do útero,Incorporação,2013-11-18
Interna,2013-07-08,Procedimento,Genética,Secretaria de Atenção à Saúde  SAS/MS,Isoeletrofocalização para transferrina deficiente em carboidrato,Processo encerrado: decisão de incorporação no SUS,Doenças raras,Incorporação,2014-01-31
Interna,2013-07-08,Procedimento,Genética,Secretaria de Atenção à Saúde  SAS/MS,Dosagem quantitativa de carnitina perfil de acilcarnitinas,Processo encerrado: decisão de incorporação no SUS,Doenças raras,Incorporação,2014-01-31
Interna,2013-07-08,Procedimento,Genética,Secretaria de Atenção à Saúde  SAS/MS,Identificação de oligassacarídeos e sialossacarídeos por cromatografia (camada delgada),Processo encerrado: decisão de incorporação no SUS,Doenças raras,Incorporação,2014-01-31
Interna,2013-07-08,Procedimento,Genética,Secretaria de Atenção à Saúde  SAS/MS,Identificação de glicídios urinários por cromatografia (camada delgada),Processo encerrado: decisão de incorporação no SUS,Doenças raras,Incorporação,2014-01-31
Interna,2013-07-08,Procedimento,Genética,Secretaria de Atenção à Saúde  SAS/MS,"Identificação de glicosaminoglicanos urinários por cromatografia em camada delgada, eletroforese e dosagem quantitativa",Processo encerrado: decisão de incorporação no SUS,Doenças raras,Incorporação,2014-01-31
Interna,2013-07-09,Procedimento,Genética,Secretaria de Atenção à Saúde  SAS/MS,Ensaios enzimáticos em tecido cultivado para diagnóstico de erros inatos do metabolismo,Processo encerrado: decisão de incorporação no SUS,Doenças raras,Incorporação,2014-01-31
Interna,2013-07-09,Procedimento,Genética,Secretaria de Atenção à Saúde  SAS/MS,Ensaios enzimáticos em eritrócitos para diagnóstico erros inatos do metabolismo,Processo encerrado: decisão de incorporação no SUS,Doenças raras,Incorporação,2014-01-31
Interna,2013-07-09,Procedimento,Genética,Secretaria de Atenção à Saúde  SAS/MS,Dosagem quantitativa de ácidos orgânicos para o diagnóstico de erros inatos do metabolismo,Processo encerrado: decisão de incorporação no SUS,Doenças raras,Incorporação,2014-01-31
Interna,2013-07-09,Procedimento,Genética,Secretaria de Atenção à Saúde  SAS/MS,"Ensaios enzimáticos no plasma, leucócitos e tecidos para erros inatos do metabolismo",Processo encerrado: decisão de incorporação no SUS,Doenças raras,Incorporação,2014-01-31
Interna,2013-07-09,Procedimento,Genética,Secretaria de Atenção à Saúde  SAS/MS,Dosagem quantitativa de aminoácidos para diagnóstico de erros inatos do metabolismo,Processo encerrado: decisão de incorporação no SUS,Doenças raras,Incorporação,2014-01-31
Interna,2013-07-09,Procedimento,Genética,Secretaria de Atenção à Saúde  SAS/MS,Aconselhamento genético,Processo encerrado: decisão de incorporação no SUS,Doenças raras,Incorporação,2014-01-31
Interna,2013-07-26,Procedimento,Genética,Secretaria de Atenção à Saúde  SAS/MS,Procedimento laboratorial: identificação de mutação ou rearranjos por PCR/QPCR/PCR e QPCR sensível à metilação,Processo encerrado: decisão de incorporação no SUS,Doenças raras,Incorporação,2014-01-31
Interna,2013-07-26,Procedimento,Genética,Secretaria de Atenção à Saúde  SAS/MS,Procedimento laboratorial: identificação de alteração cromossômica submicroscópica por ArrayCGH,Processo encerrado: decisão de incorporação no SUS,Doenças raras,Incorporação,2014-01-31
Interna,2013-07-26,Procedimento,Genética,Secretaria de Atenção à Saúde  SAS/MS,Identificação de mutação por sequenciamento por ampliação de 500 pares de base,Processo encerrado: decisão de incorporação no SUS,Doenças raras,Incorporação,2014-01-31
Interna,2013-07-26,Procedimento,Genética,Secretaria de Atenção à Saúde  SAS/MS,"Procedimento laboratorial: FISH em metáfase ou Núcleo interfásico, por doença",Processo encerrado: decisão de incorporação no SUS,Doenças raras,Incorporação,2014-01-31
Interna,2013-07-29,Procedimento,Oncologia,Secretaria de Atenção à Saúde  SAS/MS,Iodoterapia de baixas doses (30mCi e 50mCi) em regime ambulatorial,Processo encerrado: decisão de incorporação no SUS,Carcinoma diferenciado da tireoide classificado como de baixo risco ou de risco intermediário,Incorporação,2014-05-16
Interna,2013-09-05,Procedimento,Otorrinolaringologia,Secretaria de Atenção à Saúde  SAS/MS,Procedimentos relativos à assistência hospitalar à saúde auditiva Implante coclear (IC),Processo encerrado: decisão de incorporação no SUS,Deficiência auditiva,Incorporação,2014-06-11
Interna,2013-09-05,Procedimento,Otorrinolaringologia,Secretaria de Atenção à Saúde  SAS/MS,Procedimentos relativos à assistência hospitalar à saúde auditiva Prótese auditiva ancorada no osso (PAAO/BAHA),Processo encerrado: decisão de incorporação no SUS,Deficiência auditiva,Incorporação,2014-06-11
Interna,2013-09-05,Produto,Oncologia,"Secretaria de Ciência, Tecnologia e Insumos Estratégicos SCTIE/MS",PET CT,Processo encerrado: decisão de incorporação no SUS,Estadiamento clínico do câncer de pulmão de células Nãopequenas potencialmente ressecável,Incorporação,2014-04-22
Interna,2013-09-05,Produto,Oncologia,"Secretaria de Ciência, Tecnologia e Insumos Estratégicos SCTIE/MS",PET CT,Processo encerrado: decisão de incorporação no SUS,"Detecção de metástase de câncer colorretal, exclusivamente hepática e potencialmente ressecável",Incorporação,2014-04-22
Interna,2013-09-05,Produto,Oncologia,"Secretaria de Ciência, Tecnologia e Insumos Estratégicos SCTIE/MS",PET CT,Processo encerrado: decisão de incorporação no SUS,Estadiamento e avaliação da resposta ao tratamento do linfoma de Hodgkin e linfoma Não Hodgkin,Incorporação,2014-04-22
Interna,2013-09-09,Medicamento,Cardiovascular,Secretaria de Atenção à Saúde  SAS/MS,Ciclosporina,Processo encerrado: a pedido do demandante,Imunossupressão em transplante cardíaco,Incorporação,
Interna,2013-11-05,Medicamento,Infectologia,Secretaria de Vigilância em Saúde  SVS/MS,Azitromicina 250 mg,Processo encerrado: decisão de incorporação no SUS,Tratamento ou quimioprofilaxia da coqueluche,Ampliação de Uso,2015-03-17
Interna,2013-11-05,Procedimento,Hematologia,Secretaria de Atenção à Saúde  SAS/MS,Procedimento do teste do ácido nucléico (NAT),Processo encerrado: decisão de incorporação no SUS,Detecção de amostra de sangue de doador,Incorporação,2014-05-16
Interna,2013-11-06,Medicamento,Endocrinologia,"Secretaria de Ciência, Tecnologia e Insumos Estratégicos SCTIE/MS",Insulinas análogas,Processo encerrado: decisão de não incorporação no SUS,Diabetes mellitus tipo ll,Incorporação,2014-09-05
Interna,2013-11-11,Medicamento,Cardiovascular,Secretaria de Atenção à Saúde  SAS/MS,Tacrolimo,Processo encerrado: a pedido do demandante,Imunossupressão em transplante cardíaco,Incorporação,
Interna,2013-11-11,Medicamento,Nefrologia,Secretaria de Atenção à Saúde  SAS/MS,Sirolimo,Processo encerrado: a pedido do demandante,Imunossupressão em transplante hepático adulto,Incorporação,
Interna,2013-11-11,Medicamento,Nefrologia,Secretaria de Atenção à Saúde  SAS/MS,Everolimo,Processo encerrado: a pedido do demandante,Imunossupressão em transplante hepático adulto,Incorporação,
Interna,2013-11-11,Procedimento,Cardiovascular,Secretaria de Atenção à Saúde  SAS/MS,Inclusão do CID T 86.2 (Falência ou rejeição de transplante cardíaco),Processo encerrado: a pedido do demandante,Imunossupressão em transplante cardíaco,Incorporação,
Interna,2013-11-11,Medicamento,Cardiovascular,Secretaria de Atenção à Saúde  SAS/MS,Everolimo,Processo encerrado: a pedido do demandante,Imunossupressão em transplante cardíaco,Ampliação de Uso,
Interna,2013-11-11,Medicamento,Cardiovascular,Secretaria de Atenção à Saúde  SAS/MS,Sirolimo,Processo encerrado: a pedido do demandante,Imunossupressão em transplante cardíaco,Ampliação de Uso,
Interna,2013-11-11,Medicamento,Gastroenterologia ,Secretaria de Atenção à Saúde  SAS/MS,Infliximabe,Processo encerrado: decisão de não incorporação no SUS,Retocolite ulcerativa grave refratária a corticóides e ciclosporina,Incorporação,2014-07-07
Interna,2013-11-11,Medicamento,Psiquiatria,Secretaria de Atenção à Saúde  SAS/MS,Clozapina,Processo encerrado: decisão de incorporação no SUS,Transtorno afetivo bipolar,Incorporação,2015-03-10
Interna,2013-07-12,Produto,Pneumologia,Hospital das Clínicas de Porto Alegre,Implante de válvulas endobronquiais unidirecionais,Processo encerrado: decisão de não incorporação no SUS,tratamento do enfisema pulmonar heterogêneo,Incorporação,2014-09-29
Interna,2013-11-11,Medicamento,Psiquiatria,Secretaria de Atenção à Saúde  SAS/MS,Lamotrigina,Processo encerrado: decisão de incorporação no SUS,Transtorno afetivo bipolar,Incorporação,2015-03-10
Interna,2013-11-11,Medicamento,Psiquiatria,Secretaria de Atenção à Saúde  SAS/MS,Olanzapina,Processo encerrado: decisão de incorporação no SUS,Transtorno afetivo bipolar,Incorporação,2015-03-10
Interna,2013-11-11,Medicamento,Psiquiatria,Secretaria de Atenção à Saúde  SAS/MS,Quetiapina,Processo encerrado: decisão de incorporação no SUS,Transtorno afetivo bipolar,Incorporação,2015-03-10
Interna,2013-11-11,Medicamento,Psiquiatria,Secretaria de Atenção à Saúde  SAS/MS,Risperidona,Processo encerrado: decisão de incorporação no SUS,Transtorno afetivo bipolar,Incorporação,2015-03-10
Interna,2013-11-20,Medicamento,Cardiovascular,Secretaria de Atenção à Saúde  SAS/MS,Imunoglobulina humana,Processo encerrado: a pedido do demandante,Imunossupressão em transplante cardíaco,Incorporação,
Interna,2013-11-21,Medicamento,Endocrinologia,"Secretaria de Ciência, Tecnologia e Insumos Estratégicos SCTIE/MS",Insulinas análogas,Processo encerrado: decisão de não incorporação no SUS,Diabetes mellitus tipo l,Incorporação,2014-09-05
Interna,2013-11-22,Procedimento,Neonatologia,Secretaria de Atenção à Saúde  SAS/MS,Oximetria de pulso - Teste do coraçãozinho,Processo encerrado: decisão de incorporação no SUS,Triagem neonatal,Incorporação,2014-06-11
Interna,2013-12-22,Procedimento,Infectologia,Secretaria de Atenção à Saúde  SAS/MS,Testes confirmatórios para o diagnóstico HTLV,Processo encerrado: a pedido do demandante,Diagnóstico do HTLV,Incorporação,
Interna,2014-01-20,Medicamento,Oncologia,Secretaria de Atenção à Saúde  SAS/MS,Mesilato de imatinibe,Processo encerrado: decisão de incorporação no SUS,Quimioterapia adjuvante do tumor do estroma gastrointestinal,Incorporação,2014-07-07
Interna,2014-01-20,Procedimento,Oncologia,Secretaria de Atenção à Saúde  SAS/MS,"Hormonioterapia prévia (préoperatório, neoadjuvante)",Processo encerrado: decisão de incorporação no SUS,Câncer de mama,Incorporação,2014-06-11
Interna,2014-02-12,Medicamento,Oncologia,Secretaria de Estado da Saúde de São Paulo  SES/SP,Trastuzumabe,Processo encerrado: por decisão da Conitec,Câncer de mama metastático ou recidivado,Incorporação,
Interna,2014-03-05,Medicamento,Neurologia,"Secretaria de Ciência, Tecnologia e Insumos Estratégicos SCTIE/MS",Fingolimode,Processo encerrado: decisão de incorporação no SUS,Esclerose múltipla,Incorporação,2014-06-27
Interna,2014-03-18,Medicamento,Infectologia,Secretaria de Vigilância em Saúde  SVS/MS,Antirretroviral raltegravir,Processo encerrado: decisão de incorporação no SUS,Uso pediátrico,Incorporação,2014-11-06
Interna,2014-03-18,Medicamento,Infectologia,Secretaria de Vigilância em Saúde  SVS/MS,Estavudina (d4T) 30mg,Processo encerrado: decisão de exclusão do SUS,Terapia antirretrovirais para pacientes com HIV,Exclusão ,2014-09-26
Interna,2014-03-18,Medicamento,Infectologia,Secretaria de Vigilância em Saúde  SVS/MS,Indinavir (IDV) 400mg,Processo encerrado: decisão de exclusão do SUS,Terapia antirretrovirais para pacientes com HIV,Exclusão ,2014-09-26
Interna,2014-03-24,Medicamento,Genética,"Secretaria de Ciência, Tecnologia e Insumos Estratégicos SCTIE/MS",Alfataliglicerase,Processo encerrado: decisão de incorporação no SUS,Doença de Gaucher,Incorporação,2014-09-26
Interna,2014-04-08,Produto,Infectologia,Secretaria de Atenção à Saúde  SAS/MS,Teste Elisa,Processo encerrado: a pedido do demandante,Avaliação da eficácia da Cobertura Vacinal no caso de suspeita de imunodeficiência primária,Incorporação,
Interna,2014-04-08,Medicamento,Hematologia,Secretaria de Atenção à Saúde  SAS/MS,Eritropoietina,Processo encerrado: decisão de não incorporação no SUS,Doença falciforme,Incorporação,2015-06-09
Interna,2014-04-29,Medicamento,Oncologia,Secretaria de Atenção à Saúde  SAS/MS,Sunitinibe,Processo encerrado: por decisão da Conitec,Tumores do estroma gastrointestinal (GIST) resistente ou intolerante ao imatinibe,Incorporação,
Interna,2014-05-05,Medicamento,Urologia,Secretaria de Atenção à Saúde  SAS/MS,Oxibutina,Processo encerrado: a pedido do demandante,Bexiga hiperativa,Incorporação,
Interna,2014-05-05,Medicamento,Urologia,Secretaria de Atenção à Saúde  SAS/MS,Solifenacina,Processo encerrado: a pedido do demandante,Bexiga hiperativa,Incorporação,
Interna,2014-05-05,Medicamento,Urologia,Secretaria de Atenção à Saúde  SAS/MS,Darifenacina,Processo encerrado: a pedido do demandante,Bexiga hiperativa,Incorporação,
Interna,2014-05-05,Medicamento,Urologia,Secretaria de Atenção à Saúde  SAS/MS,Tolterodina,Processo encerrado: a pedido do demandante,Bexiga hiperativa,Incorporação,
Interna,2014-06-06,Produto,Nutrologia,Secretaria de Atenção à Saúde  SAS/MS,Suplemento alimentar em póNutriSUS em com múltiplos micronutrientes,Processo encerrado: decisão de incorporação no SUS,Fortificação da alimentação infantil,Incorporação,2014-08-14
Interna,2014-06-06,Procedimento,Infectologia,Secretaria de Atenção à Saúde  SAS/MS,Teste genético Exame anticorpo monoclonal antiCD 19,Processo encerrado: a pedido do demandante,Exames para diagnóstico das imunodeficiências primárias,Incorporação,
Interna,2014-06-06,Procedimento,Infectologia,Secretaria de Atenção à Saúde  SAS/MS,Teste genético Exame anticorpo monoclonal antiCD 16/56,Processo encerrado: a pedido do demandante,Exames para diagnóstico das imunodeficiências primárias,Incorporação,
Interna,2014-06-06,Procedimento,Infectologia,Secretaria de Atenção à Saúde  SAS/MS,Teste genético Exame reagente dihidrorodamina,Processo encerrado: a pedido do demandante,Exames para diagnóstico das imunodeficiências primárias,Incorporação,
Interna,2014-07-01,Medicamento,Oncologia,Secretaria de Estado da Saúde de São Paulo  SES/SP,Sunitinibe,Processo encerrado: por decisão da Conitec,1ª linha de tratamento do carcinoma de rim de células claras,Incorporação,
Interna,2014-07-01,Medicamento,Oncologia,Secretaria de Estado da Saúde de São Paulo  SES/SP,Bevacizumabe,Processo encerrado: por decisão da Conitec,1ª linha de tratamento do carcinoma de rim de células claras,Incorporação,
Interna,2014-07-01,Medicamento,Oncologia,Secretaria de Estado da Saúde de São Paulo  SES/SP,Pazopanibe,Processo encerrado: por decisão da Conitec,1ª linha de tratamento do carcinoma de rim de células claras,Incorporação,
Interna,2014-07-01,Medicamento,Oncologia,Secretaria de Estado da Saúde de São Paulo  SES/SP,Interferon,Processo encerrado: por decisão da Conitec,1ª linha de tratamento do carcinoma de rim de células claras,Incorporação,
Interna,2014-07-01,Medicamento,Oncologia,Secretaria de Estado da Saúde de São Paulo  SES/SP,Tensirolimo,Processo encerrado: por decisão da Conitec,1ª linha de tratamento do carcinoma de rim de células claras,Incorporação,
Interna,2014-07-03,Medicamento,Endocrinologia,"Secretaria de Ciência, Tecnologia e Insumos Estratégicos SCTIE/MS",Dicloridrato de sapropterina,Processo encerrado: a pedido do demandante,Pacientes com hiperfenilalaninemia com deficiência de tetrahidrobiopterina (BH4),Incorporação,
Interna,2014-07-15,Procedimento,Cardiovascular,Secretaria de Estado da Saúde de São Paulo  SES/SP,"Monitorização intracraniana PIC Cateter PTIO2, cateteres com ponta metálica (tipo CODMAN ou PRESSIO)",Processo encerrado: decisão de não incorporação no SUS,Monitorização da pressão intracraniana em pacientes com traumatismo cranioencefálico grave,Incorporação,2014-12-17
Interna,2014-07-15,Procedimento,Cardiovascular,Secretaria de Estado da Saúde de São Paulo  SES/SP,Monitorização intracraniana PIC Cateter de fibra óptica (tipo CAMINO),Processo encerrado: decisão de não incorporação no SUS,Monitorização da pressão intracraniana em pacientes com traumatismo cranioencefálico grave,Incorporação,2014-12-17
Interna,2014-07-17,Medicamento,Hematologia,"Secretaria de Ciência, Tecnologia e Insumos Estratégicos SCTIE/MS",Talidomida,Processo encerrado: decisão de incorporação no SUS,Síndrome mielodisplásica,Incorporação,2014-12-17
Interna,2014-07-23,Medicamento,Toxicologia,"Secretaria de Ciência, Tecnologia e Insumos Estratégicos SCTIE/MS",Cloridrato de hidroxicobalamina 5 mg,Processo encerrado: a pedido do demandante,Intoxicação,Incorporação,
Interna,2014-07-24,Medicamento,Ginecologia,Secretaria de Atenção à Saúde  SAS/MS,Noretisterona,Processo encerrado: a pedido do demandante,Endometriose,Incorporação,
Interna,2014-07-25,Medicamento,Ginecologia,Secretaria de Atenção à Saúde  SAS/MS,Etinil estradiol + levonorgestrel,Processo encerrado: a pedido do demandante,Endometriose,Incorporação,
Interna,2014-07-25,Produto,Pneumologia,Secretaria de Estado da Saúde de São Paulo  SES/SP,Oxigenação por membrana extracorpórea,Processo encerrado: decisão de não incorporação no SUS,Suporte de pacientes com insuficiência respiratória grave,Incorporação,2015-07-01
Interna,2014-07-26,Medicamento,Ginecologia,Secretaria de Atenção à Saúde  SAS/MS,Acetato de medroxiprogesterona,Processo encerrado: a pedido do demandante,Endometriose,Incorporação,
Interna,2014-08-06,Medicamento,Genética,Secretaria de Atenção à Saúde  SAS/MS,Cipionato de hidrocortisona 10 mg,Processo encerrado: decisão de incorporação no SUS,Hiperplasia adrenal congênita de recémnascidos diagnosticados no Programa Nacional de Triagem Neonatal (PNTN),Incorporação,2015-03-17
Interna,2014-08-06,Medicamento,Genética,Secretaria de Atenção à Saúde  SAS/MS,Cipionato de hidrocortisona 20 mg,Processo encerrado: decisão de incorporação no SUS,Hiperplasia adrenal congênita de recémnascidos diagnosticados no Programa Nacional de Triagem Neonatal (PNTN),Incorporação,2015-03-17
Interna,2014-08-25,Medicamento,Reumatologia,Secretaria de Atenção à Saúde  SAS/MS,Naproxeno,Processo encerrado: decisão de incorporação no SUS,Artrite psoríaca,Incorporação,2014-12-17
Interna,2014-08-25,Produto,Oncologia,"Secretaria de Ciência, Tecnologia e Insumos Estratégicos SCTIE/MS",PET CT,Processo encerrado: a pedido do demandante,"Diagnóstico, estadiamento e reestadiamento dos cânceres cabeça e pescoço",Incorporação,
Interna,2014-08-25,Produto,Oncologia,"Secretaria de Ciência, Tecnologia e Insumos Estratégicos SCTIE/MS",PET CT,Processo encerrado: a pedido do demandante,"Diagnóstico, estadiamento e reestadiamento dos cânceres cólon e reto",Incorporação,
Interna,2014-08-25,Produto,Oncologia,"Secretaria de Ciência, Tecnologia e Insumos Estratégicos SCTIE/MS",PET CT,Processo encerrado: a pedido do demandante,"Diagnóstico, estadiamento e reestadiamento do câncer de pulmão",Incorporação,
Interna,2014-08-25,Produto,Oncologia,"Secretaria de Ciência, Tecnologia e Insumos Estratégicos SCTIE/MS",PET CT,Processo encerrado: a pedido do demandante,"Diagnóstico, estadiamento e reestadiamento do melanoma maligno",Incorporação,
Interna,2014-08-25,Produto,Oncologia,"Secretaria de Ciência, Tecnologia e Insumos Estratégicos SCTIE/MS",PET CT,Processo encerrado: a pedido do demandante,Diagnóstico do câncer de mama metastático,Incorporação,
Interna,2014-09-02,Produto,Neurologia,Secretaria de Atenção à Saúde  SAS/MS,Neuromoduladores,Processo encerrado: a pedido do demandante,Dor crônica refratária ao tratamento convencional,Incorporação,
Interna,2014-09-02,Produto,Neurologia,Secretaria de Atenção à Saúde  SAS/MS,Marcapasso diafragmático,Processo encerrado: a pedido do demandante,Paralisia diafragmática,Incorporação,
Interna,2014-09-05,Medicamento,Saúde da Mulher,Secretaria de Atenção à Saúde  SAS/MS,Enoxaparina (heparina de baixo peso molecular),Processo encerrado: a pedido do demandante,Prevenção de tromboembolismo venoso durante a gestação ou puerpério de pacientes com trombofilia,Incorporação,
Interna,2014-10-01,Medicamento,Gastroenterologia ,Secretaria de Atenção à Saúde  SAS/MS,Ciclosporina oral,Processo encerrado: decisão de exclusão do SUS,Doença de Crohn,Exclusão ,2015-07-27
Interna,2014-10-01,Medicamento,Gastroenterologia ,Secretaria de Atenção à Saúde  SAS/MS,Mesalazina enema,Processo encerrado: decisão de exclusão do SUS,Tratamento da doença de Crohn,Exclusão ,2015-07-27
Interna,2014-10-01,Medicamento,Gastroenterologia ,Secretaria de Atenção à Saúde  SAS/MS,Mesalazina supositório,Processo encerrado: decisão de exclusão do SUS,Tratamento da soença de Crohn,Exclusão ,2015-07-27
Interna,2014-10-14,Medicamento,Hematologia,Agência Nacional de Vigilância Sanitária  Anvisa,Talidomida,Processo encerrado: a pedido do demandante,Síndrome mielofibrose,Incorporação,
Interna,2014-10-23,Medicamento,Infectologia,Secretaria de Vigilância em Saúde  SVS/MS,Darunavir (600 mg) comprimidos revestidos,Processo encerrado: decisão de incorporação no SUS,Terapia antirretroviral para adultos infectados com HIV/Aids,Incorporação,2015-03-17
Interna,2014-11-07,Procedimento,Hematologia,Secretaria de Atenção à Saúde  SAS/MS,Transplante de célulastronco hematopoiéticas,Processo encerrado: decisão de incorporação no SUS,Doença falciforme,Incorporação,2015-07-01
Interna,2014-11-25,Procedimento,Oncologia,Secretaria de Atenção à Saúde  SAS/MS,Hormonioterapia prévia,Processo encerrado: decisão de incorporação no SUS,Adjuvante à radioterapia externa no tratamento do câncer de próstata,Incorporação,2015-03-17
Interna,2014-11-25,Procedimento,Oncologia,Secretaria de Atenção à Saúde  SAS/MS,Hormonioterapia adjuvante,Processo encerrado: decisão de incorporação no SUS,Adjuvante à radioterapia externa no tratamento do câncer de próstata,Incorporação,2015-03-17
Interna,2015-01-06,Medicamento,Infectologia,Secretaria de Vigilância em Saúde  SVS/MS,Daclatasvir,Processo encerrado: decisão de incorporação no SUS,Hepatite viral C crônica,Incorporação,2015-06-23
Interna,2015-01-21,Medicamento,Infectologia,Secretaria de Vigilância em Saúde  SVS/MS,Ceftriaxona injetável (500 mg),Processo encerrado: decisão de incorporação no SUS,Gonorreia resistente à ciprofloxacina,Incorporação,2015-10-05
Interna,2015-02-04,Medicamento,Infectologia,Secretaria de Vigilância em Saúde  SVS/MS,Penicilina benzatina,Processo encerrado: decisão de incorporação no SUS,Prevenção da sífilis congênita,Incorporação,2015-06-09
Interna,2015-03-10,Medicamento,Infectologia,Secretaria de Vigilância em Saúde  SVS/MS,Simeprevir,Processo encerrado: decisão de incorporação no SUS,Hepatite viral C crônica,Incorporação,2015-06-23
Interna,2015-03-11,Medicamento,Cardiovascular,"Secretaria de Ciência, Tecnologia e Insumos Estratégicos SCTIE/MS",Apixabana,Processo encerrado: decisão de não incorporação no SUS,Fibrilação atrial Não valvar,Incorporação,2016-02-10
Interna,2015-03-11,Medicamento,Cardiovascular,"Secretaria de Ciência, Tecnologia e Insumos Estratégicos SCTIE/MS",Dabigatrana,Processo encerrado: decisão de não incorporação no SUS,Fibrilação atrial Não valvar,Incorporação,2016-02-10
Interna,2015-03-11,Medicamento,Cardiovascular,"Secretaria de Ciência, Tecnologia e Insumos Estratégicos SCTIE/MS",Rivaroxabana,Processo encerrado: decisão de não incorporação no SUS,Fibrilação atrial Não valvar,Incorporação,2016-02-10
Interna,2015-03-25,Procedimento,Oncologia,"Secretaria de Ciência, Tecnologia e Insumos Estratégicos SCTIE/MS",Mamografia (rastreamento),Processo encerrado: decisão de não incorporação no SUS,Rastreamento de câncer de mama em mulheres assintomáticas com risco habitual fora da faixa etária atualmente recomendada (50 a 60 anos),Incorporação,2015-10-05
Interna,2015-03-25,Medicamento,Nefrologia,Secretaria de Estado da Saúde de São Paulo  SES/SP,Cloridrato de paricalcitol,Processo encerrado: decisão de incorporação no SUS,Pacientes com hiperparatireoidismo secundário (HPTS) à doença renal crônica,Incorporação,2015-09-30
Interna,2015-03-25,Medicamento,Nefrologia,Secretaria de Estado da Saúde de São Paulo  SES/SP,Cloridrato de cinacalcete,Processo encerrado: decisão de incorporação no SUS,Pacientes com hiperparatireoidismo secundário (HPTS) à doença renal crônica,Incorporação,2015-09-30
Interna,2015-03-25,Medicamento,Infectologia,Secretaria de Vigilância em Saúde  SVS/MS,Ceftriaxona injetável (500 mg),Processo encerrado: decisão de incorporação no SUS,Sífilis em gestantes com alergia confirmada à penicilina,Incorporação,2015-10-05
Interna,2015-03-25,Medicamento,Infectologia,Secretaria de Vigilância em Saúde  SVS/MS,Doxiciclina comprimidos (100 mg),Processo encerrado: decisão de incorporação no SUS,Sífilis,Incorporação,2015-10-05
Interna,2015-03-25,Medicamento,Infectologia,Secretaria de Vigilância em Saúde  SVS/MS,Doxiciclina comprimidos (100 mg),Processo encerrado: decisão de incorporação no SUS,Donovanose,Incorporação,2015-10-05
Interna,2015-03-25,Medicamento,Infectologia,Secretaria de Vigilância em Saúde  SVS/MS,Doxiciclina comprimidos (100 mg),Processo encerrado: decisão de incorporação no SUS,Doença inflamatória pélvica (DIP),Incorporação,2015-10-05
Interna,2015-03-25,Procedimento,Infectologia,Secretaria de Vigilância em Saúde  SVS/MS,Teste RPR,Processo encerrado: decisão de incorporação no SUS,Diagnóstico de sífilis,Incorporação,2015-10-05
Interna,2015-03-25,Procedimento,Infectologia,Secretaria de Vigilância em Saúde  SVS/MS,Teste TRUST,Processo encerrado: decisão de incorporação no SUS,Diagnóstico de sífilis,Incorporação,2015-10-05
Interna,2015-03-25,Procedimento,Infectologia,Secretaria de Vigilância em Saúde  SVS/MS,Teste EQL,Processo encerrado: decisão de incorporação no SUS,Diagnóstico de sífilis,Incorporação,2015-10-05
Interna,2015-03-25,Procedimento,Infectologia,Secretaria de Vigilância em Saúde  SVS/MS,Teste Elisa,Processo encerrado: decisão de incorporação no SUS,Diagnóstico de sífilis,Incorporação,2015-10-05
Interna,2015-03-25,Procedimento,Oncologia,Secretaria de Atenção à Saúde  SAS/MS,Quimioterapia de carcinoma epidermoide de cabeça e pescoço,Processo encerrado: decisão de exclusão do SUS,Câncer de cabeça e pescoço,Exclusão ,2015-05-27
Interna,2015-03-25,Procedimento,Vigilância Sanitária,Agência Nacional de Vigilância Sanitária  Anvisa,Procedimentos de Vigilância Sanitária Cadastro de indústrias de insumos farmacêuticos,Processo encerrado: decisão de incorporação no SUS,Cadastro de estabelecimento,Incorporação,2015-09-18
Interna,2015-03-25,Procedimento,Vigilância Sanitária,Agência Nacional de Vigilância Sanitária  Anvisa,Procedimento de Vigilância Sanitária Cadastro de indústrias de produtos para a saúde,Processo encerrado: decisão de incorporação no SUS,Cadastro de estabelecimento,Incorporação,2015-09-18
Interna,2015-03-25,Procedimento,Vigilância Sanitária,Agência Nacional de Vigilância Sanitária  Anvisa,Procedimento de Vigilância Sanitária Inspeção sanitária de indústrias de insumos farmacêuticos,Processo encerrado: decisão de incorporação no SUS,Cadastro de estabelecimento,Incorporação,2015-09-18
Interna,2015-03-25,Procedimento,Vigilância Sanitária,Agência Nacional de Vigilância Sanitária  Anvisa,Procedimento de Vigilância Sanitária Inspeção sanitária de indústrias de produtos para a saúde,Processo encerrado: decisão de incorporação no SUS,Cadastro de estabelecimento,Incorporação,2015-09-18
Interna,2015-03-25,Procedimento,Vigilância Sanitária,Agência Nacional de Vigilância Sanitária  Anvisa,Procedimento de Vigilância Sanitária Implementação de procedimentos harmonização em nível tripartite relacionados a inspeção em estabelecimentos fabricantes de medicamentos,Processo encerrado: decisão de incorporação no SUS,Sistema de gestão da qualidade,Incorporação,2015-09-18
Interna,2015-03-25,Procedimento,Vigilância Sanitária,Agência Nacional de Vigilância Sanitária  Anvisa,Procedimento de Vigilância Sanitária Implementação de procedimentos harmonização em nível tripartite relacionados a inspeção em estabelecimentos fabricantes de insumos farmacêuticos,Processo encerrado: decisão de incorporação no SUS,Sistema de gestão da qualidade,Incorporação,2015-09-18
Interna,2015-03-25,Procedimento,Vigilância Sanitária,Agência Nacional de Vigilância Sanitária  Anvisa,Procedimento de Vigilância Sanitária Implementação de procedimentos harmonização em nível tripartite relacionados a inspeção em estabelecimentos fabricantes de produtos para a saúde,Processo encerrado: decisão de incorporação no SUS,Sistema de gestão da qualidade,Incorporação,2015-09-18
Interna,2015-03-25,Procedimento,Vigilância Sanitária,Agência Nacional de Vigilância Sanitária  Anvisa,Procedimento de Vigilância Sanitária Envio de relatórios de inspeção de estabelecimentos fabricantes de medicamentos à ANVISA,Processo encerrado: decisão de incorporação no SUS,Sistema de gestão da qualidade,Incorporação,2015-09-18
Interna,2015-03-25,Procedimento,Vigilância Sanitária,Agência Nacional de Vigilância Sanitária  Anvisa,Procedimento de Vigilância Sanitária Envio de relatórios de inspeção de estabelecimentos fabricantes de insumos farmacêuticos à ANVISA,Processo encerrado: decisão de incorporação no SUS,Sistema de gestão da qualidade,Incorporação,2015-09-18
Interna,2015-03-25,Procedimento,Vigilância Sanitária,Agência Nacional de Vigilância Sanitária  Anvisa,Procedimento de Vigilância Sanitária Envio de relatórios de inspeção de estabelecimentos fabricantes de produtos para a Saúde à ANVISA,Processo encerrado: decisão de incorporação no SUS,Sistema de gestão da qualidade,Incorporação,2015-09-18
Interna,2015-03-25,Procedimento,Vigilância Sanitária,Agência Nacional de Vigilância Sanitária  Anvisa,Procedimento de Vigilância Sanitária Auditorias internas realizadas no departamento responsável pelas atividades de inspeção de estabelecimentos fabricantes de insumos farmacêuticos,Processo encerrado: decisão de incorporação no SUS,Sistema de gestão da qualidade,Incorporação,2015-09-18
Interna,2015-03-25,Procedimento,Vigilância Sanitária,Agência Nacional de Vigilância Sanitária  Anvisa,Procedimento de Vigilância Sanitária Auditorias internas realizadas no departamento responsável pelas atividades de inspeção de estabelecimentos fabricantes de produtos para a saúde,Processo encerrado: decisão de incorporação no SUS,Sistema de gestão da qualidade,Incorporação,2015-09-18
Interna,2015-03-25,Procedimento,Vigilância Sanitária,Agência Nacional de Vigilância Sanitária  Anvisa,Procedimento de Vigilância Sanitária Auditorias internas realizadas no departamento responsável pelas atividades de inspeção de estabelecimentos fabricantes de medicamentos,Processo encerrado: decisão de incorporação no SUS,Sistema de gestão da qualidade,Incorporação,2015-09-18
Interna,2015-03-30,Medicamento,Infectologia,Secretaria de Vigilância em Saúde  SVS/MS,Sofosbuvir,Processo encerrado: decisão de incorporação no SUS,Hepatite viral C crônica,Incorporação,2015-06-23
Interna,2015-05-06,Medicamento,Nefrologia,"Secretaria de Ciência, Tecnologia e Insumos Estratégicos SCTIE/MS",Everolimo,Processo encerrado: decisão de incorporação no SUS,Imunossupressão em transplante hepático em adultos,Incorporação,2015-09-30
Interna,2015-05-06,Medicamento,Cardiovascular,"Secretaria de Ciência, Tecnologia e Insumos Estratégicos SCTIE/MS",Everolimo,Processo encerrado: decisão de incorporação no SUS,Imunossupressão em transplante cardíaco,Incorporação,2015-09-30
Interna,2015-05-06,Medicamento,Cardiovascular,"Secretaria de Ciência, Tecnologia e Insumos Estratégicos SCTIE/MS",Sirolimo,Processo encerrado: decisão de incorporação no SUS,Imunossupressão em transplante cardíaco,Incorporação,2015-09-30
Interna,2015-05-06,Medicamento,Cardiovascular,"Secretaria de Ciência, Tecnologia e Insumos Estratégicos SCTIE/MS",Tacrolimo,Processo encerrado: decisão de incorporação no SUS,Imunossupressão em transplante cardíaco,Incorporação,2015-09-30
Interna,2015-06-11,Medicamento,Neurologia,"Secretaria de Ciência, Tecnologia e Insumos Estratégicos SCTIE/MS",Betainterferona 1A 6.000.000 UI (30 mcg),Processo encerrado: decisão de exclusão do SUS,Tratamento da esclerose múltipla remitenterecorrente (EMRR),Restrição de Uso ,2016-07-08
Interna,2015-06-11,Medicamento,Infectologia,"Secretaria de Ciência, Tecnologia e Insumos Estratégicos SCTIE/MS",Boceprevir,Processo encerrado: decisão de exclusão do SUS,Tratamento da hepatite C,Exclusão ,2016-05-27
Interna,2015-06-11,Medicamento,Infectologia,"Secretaria de Ciência, Tecnologia e Insumos Estratégicos SCTIE/MS",Telaprevir,Processo encerrado: decisão de exclusão do SUS,Tratamento da hepatite C,Exclusão ,2016-05-27
Interna,2015-06-11,Medicamento,Infectologia,Secretaria de Vigilância em Saúde  SVS/MS,Quimioprofilaxia (Rifampicina),Processo encerrado: decisão de incorporação no SUS,Quimioprofilaxia de contatos de doentes de hanseníase com rifampicina em dose única,Incorporação,2015-07-01
Interna,2015-06-17,Medicamento,Infectologia,"Secretaria de Ciência, Tecnologia e Insumos Estratégicos SCTIE/MS",Pentoxifilina 400mg em associação ao antimonial,Processo encerrado: decisão de incorporação no SUS,Leishmaniose tegumentar mucosa,Incorporação,2015-11-20
Interna,2015-07-08,Medicamento,Oftalmologia,Secretaria de Atenção à Saúde  SAS/MS,Bevacizumabe,Processo encerrado: a pedido do demandante,Edema macular diabético,Incorporação,
Interna,2015-07-08,Medicamento,Oftalmologia,Secretaria de Atenção à Saúde  SAS/MS,Ranibizumabe,Processo encerrado: a pedido do demandante,Edema macular diabético,Incorporação,
Interna,2015-07-02,Procedimento,Hepatologia,Secretaria de Vigilância em Saúde  SVS/MS ,Elastografia ultrassônica hepática,Processo encerrado: decisão de incorporação no SUS,Diagnóstico da fibrose hepática,Incorporação,2015-09-30
Interna,2015-08-05,Medicamento,Infectologia,Secretaria de Vigilância em Saúde  SVS/MS ,Ritonavir cápsula mole termolábil,Processo encerrado: decisão de exclusão do SUS,HIV/AIDS (PVHA),Exclusão ,2015-09-30
Interna,2015-08-05,Medicamento,Infectologia,Secretaria de Vigilância em Saúde  SVS/MS ,Zidovudina,Processo encerrado: decisão de incorporação no SUS,Leucemia/linfoma de células T associado ao HTLV1,Incorporação,2015-09-30
Interna,2015-08-05,Medicamento,Pneumologia,"Secretaria de Ciência, Tecnologia e Insumos Estratégicos SCTIE/MS",Everolimo,Processo encerrado: decisão de incorporação no SUS,Imunossupressores para transplantes pulmonares,Incorporação,2016-01-18
Interna,2015-08-05,Medicamento,Pneumologia,"Secretaria de Ciência, Tecnologia e Insumos Estratégicos SCTIE/MS",Sirolimo,Processo encerrado: decisão de incorporação no SUS,Imunossupressores para transplantes pulmonares,Incorporação,2016-01-18
Interna,2015-08-05,Medicamento,Pneumologia,"Secretaria de Ciência, Tecnologia e Insumos Estratégicos SCTIE/MS",Tacrolimo,Processo encerrado: decisão de incorporação no SUS,Imunossupressores para transplantes pulmonares,Incorporação,2016-01-18
Interna,2015-08-20,Medicamento,Toxicologia,"Secretaria de Ciência, Tecnologia e Insumos Estratégicos SCTIE/MS",Hidroxocobalamina 5g injetável,Processo encerrado: decisão de incorporação no SUS,Tratamento de intoxicações por cianeto,Incorporação,2016-01-29
Interna,2015-11-06,Medicamento,Cardiovascular,Hospital das Clínicas da Faculdade de Medicina da USP  INCOR,Cloridrato de ivabradina,Processo encerrado: decisão de não incorporação no SUS,Insuficiência cardíaca crônica moderada a grave em indivíduos com frequência cardíaca ≥70 bpm e que toleram menos de 50% da dose alvo recomendada de agentes betabloqueadores,Incorporação,2016-05-27
Interna,2015-11-09,Medicamento,Psiquiatria,Secretaria de Atenção à Saúde  SAS/MS,Risperidona,Processo encerrado: decisão de incorporação no SUS,Comportamento agressivo em adultos com transtorno do espectro do autismo (TEA),Incorporação,2016-01-14
Interna,2015-12-04,Medicamento,Imunologia,"Secretaria de Ciência, Tecnologia e Insumos Estratégicos SCTIE/MS",Molgramostrim 300 mcg,Processo encerrado: decisão de exclusão do SUS,Anemia aplástica,Exclusão ,2016-01-14
Interna,2015-12-04,Medicamento,Imunologia,"Secretaria de Ciência, Tecnologia e Insumos Estratégicos SCTIE/MS",Molgramostim 300 mcg,Processo encerrado: decisão de exclusão do SUS,Mielodisplasia,Exclusão ,2016-01-14
Interna,2015-12-04,Medicamento,Imunologia,"Secretaria de Ciência, Tecnologia e Insumos Estratégicos SCTIE/MS",Molgramostim 300 mcg,Processo encerrado: decisão de exclusão do SUS,Neutropenias constitucionais,Exclusão ,2016-01-14
Interna,2015-12-04,Medicamento,Infectologia,"Secretaria de Ciência, Tecnologia e Insumos Estratégicos SCTIE/MS",Molgramostim 300 mcg,Processo encerrado: decisão de exclusão do SUS,Doença pelo HIV,Exclusão ,2016-01-14
Interna,2015-12-04,Medicamento,Nefrologia,"Secretaria de Ciência, Tecnologia e Insumos Estratégicos SCTIE/MS",Molgramostim 300 mcg,Processo encerrado: decisão de exclusão do SUS,Transplante de medula ou pâncreas,Exclusão ,2016-01-14
Interna,2015-12-05,Medicamento,Nefrologia,"Secretaria de Ciência, Tecnologia e Insumos Estratégicos SCTIE/MS",Pancrelipase 4.500 UI,Processo encerrado: decisão de exclusão do SUS,Insuficiência pancreática exócrina e na fibrose cística com manifestações intestinais,Exclusão ,2016-01-14
Interna,2015-12-06,Medicamento,Nefrologia,"Secretaria de Ciência, Tecnologia e Insumos Estratégicos SCTIE/MS",Pancrelipase 12.000 UI,Processo encerrado: decisão de exclusão do SUS,Insuficiência pancreática exócrina e na fibrose cística com manifestações intestinais,Exclusão ,2016-01-14
Interna,2015-12-07,Medicamento,Nefrologia,"Secretaria de Ciência, Tecnologia e Insumos Estratégicos SCTIE/MS",Pancrelipase 18.000 UI,Processo encerrado: decisão de exclusão do SUS,Insuficiência pancreática exócrina e na fibrose cística com manifestações intestinais,Exclusão ,2016-01-14
Interna,2015-12-08,Medicamento,Nefrologia,"Secretaria de Ciência, Tecnologia e Insumos Estratégicos SCTIE/MS",Pancrelipase 20.000 UI,Processo encerrado: decisão de exclusão do SUS,Insuficiência pancreática exócrina e na fibrose cística com manifestações intestinais,Exclusão ,2016-01-14
Interna,2015-12-10,Medicamento,Saúde da Mulher,"Secretaria de Ciência, Tecnologia e Insumos Estratégicos SCTIE/MS",Medicamento fitoterápico Zingiber officinale Roscoe,Processo encerrado: a pedido do demandante,Prevenção e tratamento das náuseas e vômitos da gravidez,Incorporação,
Interna,2015-12-17,Medicamento,Psiquiatria,"Secretaria de Ciência, Tecnologia e Insumos Estratégicos SCTIE/MS",Medicamento fitoterápico Folhas de Passiflora incarnata L.,Processo encerrado: a pedido do demandante,Ansiolítico e indutor do sono,Incorporação,
Interna,2015-12-17,Medicamento,Cardiologia,"Secretaria de Ciência, Tecnologia e Insumos Estratégicos SCTIE/MS",Medicamento fitoterápico Allium sativum L.,Processo encerrado: a pedido do demandante,Hipercolesterolemia,Incorporação,
Interna,2016-03-29,Medicamento,Neurologia,"Secretaria de Ciência, Tecnologia e Insumos Estratégicos SCTIE/MS",Clozapina,Processo encerrado: decisão de incorporação no SUS,Psicose associada à doença de Parkinson,Incorporação,2016-06-06
Interna,2016-03-31,Procedimento,Oftalmologia,Secretaria de Atenção à Saúde  SAS/MS,Crosslinking corneano,Processo encerrado: decisão de incorporação no SUS,Ceratocone,Incorporação,2016-09-20
Interna,2016-04-22,Procedimento,Oncologia,Secretaria de Vigilância em Saúde  SVS/MS ,Western Blot e PCR em tempo real,Processo encerrado: decisão de incorporação no SUS,Leucemia/linfoma de células T do adulto associado ao HTLV1,Incorporação,2016-06-06
Interna,2016-04-23,Procedimento,Infectologia,"Secretaria de Ciência, Tecnologia e Insumos Estratégicos SCTIE/MS",Procedimentos 06.04.25.0010 filgrastim 300 mcg injetavel (por frasco ampola ou seringa preenchida),Processo encerrado: decisão de exclusão do SUS,CID B171 da hepatite aguda C e B182 hepatite viral crônica ,Exclusão ,2016-05-27
Interna,2016-04-24,Procedimento,Infectologia,"Secretaria de Ciência, Tecnologia e Insumos Estratégicos SCTIE/MS",Procedimento 06.04.47.0053 alfaepoetina 10.000 UI injetavel (por frascoampola),Processo encerrado: decisão de exclusão do SUS,CID B171 da hepatite aguda C e B182 hepatite viral crônica ,Exclusão ,2016-05-27
Interna,2016-05-11,Medicamento,Otorrinolaringologia,"Secretaria de Ciência, Tecnologia e Insumos Estratégicos SCTIE/MS","Medicamentos tópicos (associação de sulfato de polimixina B 10.000 UI, sulfato de neomicina 3,5 mg/mL, fluocinolona acetonida 0,25 mg/mL e cloridrato de lidocaína 20 mg/mL, apresentada em frasco com 5 mL)",Processo encerrado: decisão de incorporação no SUS,Otite externa aguda,Incorporação,2017-03-24
Interna,2016-06-22,Procedimento,Gastroenterologia ,Secretaria de Atenção à Saúde  SAS/MS,Cirurgia bariátrica por videolaparoscopia,Processo encerrado: decisão de incorporação no SUS,Procedimento cirúrgico de gastroplastia com derivação intestinal por laparoscopia para o tratamento de obesidade grave e mórbida,Incorporação,2017-02-01
Interna,2016-06-20,Medicamento,Infectologia,Secretaria de Vigilância em Saúde  SVS/MS ,Alfapeginterferona 2a,Processo encerrado: decisão de incorporação no SUS,"Hepatite crônica viral B sem agente delta, compatibilizando o código B18.1 da CID10 com os respectivos procedimentos da Tabela do SUS",Ampliação de Uso,2016-12-07
Interna,2016-06-20,Medicamento,Infectologia,Secretaria de Vigilância em Saúde  SVS/MS ,Alfapeginterferona 2b,Processo encerrado: decisão de incorporação no SUS,"Tratamento da hepatite crônica viral B sem agente delta, compatibilizando o código B18.1 da CID10 com os respectivos procedimentos da Tabela do SUS",Ampliação de Uso,2016-12-07
Interna,2016-06-20,Medicamento,Infectologia,Secretaria de Vigilância em Saúde  SVS/MS ,Tenofovir 300 mg,Processo encerrado: decisão de incorporação no SUS,"Tratamento da hepatite crônica viral B sem agente delta, compatibilizando o código B18.1 da CID10 com os respectivos procedimentos da Tabela do SUS",Ampliação de Uso,2016-12-07
Interna,2016-06-20,Medicamento,Infectologia,Secretaria de Vigilância em Saúde  SVS/MS ,Entecavir,Processo encerrado: decisão de incorporação no SUS,"Tratamento da hepatite crônica viral B sem agente delta, compatibilizando o código B18.1 da CID10 com os respectivos procedimentos da Tabela do SUS",Ampliação de Uso,2016-12-07
Interna,2016-06-20,Medicamento,Infectologia,Secretaria de Vigilância em Saúde  SVS/MS ,Alfainterferona 2b injetável (3.000.000 UI),Processo encerrado: decisão de exclusão do SUS,Hepatite viral B com agente Delta (código B18.0) e Hepatite viral B sem agente Delta (código B18.1),Exclusão ,2016-12-07
Interna,2016-06-20,Medicamento,Infectologia,Secretaria de Vigilância em Saúde  SVS/MS ,Alfainterferona 2b injetável (5.000.000 UI),Processo encerrado: decisão de exclusão do SUS,Hepatite viral B com agente Delta (código B18.0) e Hepatite viral B sem agente Delta (código B18.1),Exclusão ,2016-12-07
Interna,2016-06-20,Medicamento,Infectologia,Secretaria de Vigilância em Saúde  SVS/MS ,Alfainterferona 2b injetável (10.000.000 UI),Processo encerrado: decisão de exclusão do SUS,Hepatite viral B com agente Delta (código B18.0) e Hepatite viral B sem agente Delta (código B18.1),Exclusão ,2016-12-07
Interna,2016-06-20,Medicamento,Infectologia,Secretaria de Vigilância em Saúde  SVS/MS ,Adefovir,Processo encerrado: decisão de exclusão do SUS,Hepatite B crônica e coinfecções,Exclusão ,2016-12-07
Interna,2016-07-15,Medicamento,Infectologia,Secretaria de Vigilância em Saúde  SVS/MS ,Miltefosina,Processo encerrado: decisão de incorporação no SUS,Leishmaniose tegumentar em primeira linha de tratamento,Incorporação,2018-10-31
Interna,2016-08-08,Medicamento,Infectologia,Secretaria de Vigilância em Saúde  SVS/MS ,Etravirina 200 mg,Processo encerrado: decisão de incorporação no SUS,Infecção pelo HIV,Incorporação,2017-03-14
Interna,2016-08-26,Medicamento,Infectologia,Secretaria de Vigilância em Saúde  SVS/MS ,Dolutegravir,Processo encerrado: decisão de incorporação no SUS,Infecção pelo HIV,Ampliação de Uso,2016-10-06
Interna,2016-08-26,Medicamento,Infectologia,Secretaria de Vigilância em Saúde  SVS/MS ,Darunavir,Processo encerrado: decisão de incorporação no SUS,Infecção pelo HIV,Ampliação de Uso,2016-10-06
Interna,2016-09-14,Medicamento,Infectologia,Secretaria de Vigilância em Saúde  SVS/MS ,Tenofovir + emtricitabina,Processo encerrado: decisão de incorporação no SUS,Profilaxia préexposição (PrEP) para populações sob maior risco de adquirir o vírus da imunodeficiência humana (HIV),Incorporação,2017-05-29
Interna,2016-09-15,Produto,Endocrinologia,Conselho Nacional de Secretários Municipais de Saúde  CONASEMS ,Caneta para injeção de insulina humana NPH e insulina humana regular,Processo encerrado: decisão de incorporação no SUS,Diabete mellitus,Incorporação,2017-03-14
Interna,2016-07-30,Procedimento,Oncologia,Secretaria de Atenção à Saúde  SAS/MS,Excisão tipo 2 do colo uterino,Processo encerrado: decisão de incorporação no SUS,Retirada da zona de transformação ectocervical e parcialmente endocervical,Incorporação,2016-12-01
Interna,2016-10-19,Medicamento,Otorrinolaringologia,"Secretaria de Ciência, Tecnologia e Insumos Estratégicos SCTIE/MS",Cloridrato de xilometazolina 1 mg/mL solução nasal,Processo encerrado: decisão de não incorporação no SUS,Pacientes com rinossinusite aguda,Incorporação,2017-12-20
Interna,2016-11-16,Medicamento,Infectologia,"Secretaria de Ciência, Tecnologia e Insumos Estratégicos SCTIE/MS",Doxiciclina (100 mg comprimido),Processo encerrado: decisão de incorporação no SUS,Tratamento da brucelose humana,Ampliação de Uso,2017-03-14
Interna,2016-11-17,Medicamento,Infectologia,"Secretaria de Ciência, Tecnologia e Insumos Estratégicos SCTIE/MS",Sulfato de estreptomicina 1 g pó para solução injetável,Processo encerrado: decisão de incorporação no SUS,Tratamento da brucelose humana,Ampliação de Uso,2017-03-14
Interna,2016-11-18,Medicamento,Infectologia,"Secretaria de Ciência, Tecnologia e Insumos Estratégicos SCTIE/MS",Rifampicina 300 mg cápsula,Processo encerrado: decisão de incorporação no SUS,Tratamento da brucelose humana,Ampliação de Uso,2017-03-14
Interna,2016-11-19,Medicamento,Infectologia,"Secretaria de Ciência, Tecnologia e Insumos Estratégicos SCTIE/MS",Rifampicina 20 mg/ml suspensão,Processo encerrado: decisão de incorporação no SUS,Tratamento da brucelose humana,Ampliação de Uso,2017-03-14
Interna,2016-11-21,Medicamento,Infectologia,Secretaria de Vigilância em Saúde  SVS/MS ,Antirretrovirais (ARV) Fosamprenavir (FPV) 700m,Processo encerrado: decisão de exclusão do SUS,Arsenal terapêutico de antirretrovirais para tratamento do HIV/Aids,Exclusão ,2016-12-23
Interna,2016-11-21,Medicamento,Infectologia,Secretaria de Vigilância em Saúde  SVS/MS ,Antirretrovirais (ARV) Didanosina Entérica (ddI EC) 250mg,Processo encerrado: decisão de exclusão do SUS,Arsenal terapêutico de antirretrovirais para tratamento do HIV/Aids,Exclusão ,2016-12-23
Interna,2016-11-21,Medicamento,Infectologia,Secretaria de Vigilância em Saúde  SVS/MS ,Antirretrovirais (ARV) Didanosina Entérica (ddI EC) 400mg,Processo encerrado: decisão de exclusão do SUS,Arsenal terapêutico de antirretrovirais para tratamento do HIV/Aids,Exclusão ,2016-12-23
Interna,2016-11-21,Procedimento,Infectologia,Secretaria de Vigilância em Saúde  SVS/MS ,Exame para tipificação do alelo HLAB,Processo encerrado: decisão de incorporação no SUS,Pessoas vivendo com HIV/Aids (PVHA) com indicação de uso do antirretroviral Abacavir (ABC),Ampliação de Uso,2016-12-23
Interna,2016-12-08,Procedimento,Infectologia,Secretaria de Vigilância em Saúde  SVS/MS ,"Genótipo 3 com com cirrose, para 24 semanas",Processo encerrado: decisão de incorporação no SUS,Ampliar o tempo de tratamento nos casos de hepatite C Genótipo 3 com cirrose hepática,Ampliação de Uso,2017-04-24
Interna,2016-11-30,Procedimento,Angiologia,Gabinete do Ministro de Estado da Saúde  GM/MS,Escleroterapia Não estética,Processo encerrado: decisão de incorporação no SUS,Varizes de membros inferiores,Incorporação,2017-02-01
Interna,2016-12-22,Procedimento,Infectologia,Secretaria de Vigilância em Saúde  SVS/MS ,Artemeter 80 mg/ml,Processo encerrado: decisão de exclusão do SUS,Tratamento da malária grave,Exclusão ,2017-10-11
Interna,2017-01-04,Procedimento,Infectologia,"Secretaria de Ciência, Tecnologia e Insumos Estratégicos SCTIE/MS",Podofilina 100 mg/mL,Processo encerrado: decisão de não exclusão do SUS,Verrugas anogenitais causadas pela infecção por papilomavírus (HPV),Exclusão ,2018-11-28
Interna,2017-01-04,Procedimento,Infectologia,"Secretaria de Ciência, Tecnologia e Insumos Estratégicos SCTIE/MS","Podofilotoxina 1,5 g/mg",Processo encerrado: decisão de incorporação no SUS,Verrugas anogenitais causadas pela infecção por vírus papiloma humano (HPV),Incorporação,2018-11-28
Interna,2017-01-04,Procedimento,Infectologia,"Secretaria de Ciência, Tecnologia e Insumos Estratégicos SCTIE/MS",Imiquimode 50 mg/g creme,Processo encerrado: decisão de incorporação no SUS,Verrugas anogenitais causadas pela infecção por vírus papiloma humano (HPV),Incorporação,2018-11-28
Interna,2017-01-26,Procedimento,Infectologia/Dermatologista,Secretaria de Vigilância em Saúde  SVS/MS ,Claritromicina,Processo encerrado: a pedido do demandante,Hanseníase em pacientes adultos com intolerância ao esquema padrão de poliquimioterapia,Ampliação de Uso,
Interna,2017-02-16,Procedimento,Cardiologia,Secretaria de Estado da Saúde de São Paulo  SES/SP,Fechamento percutâneo de comunicação interatrial,Processo encerrado: decisão de incorporação no SUS,Procedimento para fechamento percutâneo de comunicação interatrial septal com dispositivo intracardíaco,Incorporação,2018-11-13
Interna,2017-03-06,Medicamento,Infectologia/Neurologia,Secretaria Estadual de Saúde de Pernambuco  SES/PE,Levetiracetam,Processo encerrado: decisão de incorporação no SUS,Tratamento de convulsões em pacientes com microcefalia,Incorporação,2017-09-04
Interna,2017-02-16,Medicamento,Infectologia/Dermatologista,Secretaria de Vigilância em Saúde  SVS/MS,Cloridrato de moxifloxacino,Processo encerrado: a pedido do demandante,Hanseníase dos casos de resistência à rifampicina do esquema (PQT/OMS),Ampliação de Uso,
Interna,2017-03-01,Produto,Imunologia,Secretaria de Atenção à Saúde  SAS/MS,Fórmula extensamente hidrolisada,Processo encerrado: decisão de incorporação no SUS,Crianças com alergia à proteína do leite de vaca,Incorporação,2018-11-26
Interna,2017-03-01,Produto,Imunologia,Secretaria de Atenção à Saúde  SAS/MS,Fórmula a base de soja,Processo encerrado: decisão de incorporação no SUS,Crianças com alergia à proteína do leite de vaca,Incorporação,2018-11-26
Interna,2017-03-01,Produto,Imunologia,Secretaria de Atenção à Saúde  SAS/MS,Fórmula de aminoácidos,Processo encerrado: decisão de incorporação no SUS,Crianças com alergia à proteína do leite de vaca,Incorporação,2018-11-26
Interna,2017-03-08,Produto,Oncologia,Secretaria de Atenção à Saúde  SAS/MS,Laserterapia,Processo encerrado: a pedido do demandante,Mucosite oral,Incorporação,
Interna,2017-03-21,Medicamento,Oncologia,"Secretaria de Ciência, Tecnologia e Insumos Estratégicos SCTIE/MS",Trastuzumabe,Processo encerrado: decisão de incorporação no SUS,Câncer de mama HER2positivo metastático em primeira linha de tratamento,Incorporação,2017-08-03
Interna,2017-03-06,Medicamento,Infectologia,Secretaria de Vigilância em Saúde  SVS/MS,Cloridrato de doxiciclina 100 mg,Processo encerrado: a pedido do demandante,Malária,Exclusão ,
Interna,2017-04-04,Medicamento,Infectologia,Secretaria de Vigilância em Saúde  SVS/MS,Bedaquilina,Processo encerrado: a pedido do demandante,Tuberculose drogarresistente (TB DR),Incorporação,
Interna,2017-03-27,Medicamento,Pneumologia,Secretaria de Atenção à Saúde  SAS/MS,Ventilação mecânica invasiva domiciliar,Processo encerrado: decisão de incorporação no SUS,Insuficiência respiratória crônica,Incorporação,2018-11-26
Interna,2017-04-19,Produto,Oncologia,Secretaria de Estado da Saúde de São Paulo  SES/SP,Implantação endoscópica da prótese esofageana,Processo encerrado: decisão de incorporação no SUS,Tratamento disfagia decorrente dos tumores esofágicos avançados e obstrutivos,Incorporação,2018-03-29
Interna,2017-05-02,Medicamento,Neurologia,"Secretaria de Ciência, Tecnologia e Insumos Estratégicos SCTIE/MS",Estimulação elétrica do nervo vago,Processo encerrado: decisão de incorporação no SUS,Terapia adjuvante ao tratamento farmacológico em crianças e adultos com epilepsia focal ou generalizada refratária a pelo menos dois esquemas com medicamentos anticonvulsivantes para epilepsia,Incorporação,2018-09-12
Interna,2017-05-02,Medicamento,Genética,"Secretaria de Ciência, Tecnologia e Insumos Estratégicos SCTIE/MS",Laronidase,Processo encerrado: decisão de incorporação no SUS,Terapia de reposição enzimática na mucopolissacaridose tipo I,Incorporação,2017-09-04
Interna,2017-05-02,Medicamento,Neurologia,"Secretaria de Ciência, Tecnologia e Insumos Estratégicos SCTIE/MS",Levetiracetam,Processo encerrado: decisão de incorporação no SUS,Tratamento de epilepsia,Incorporação,2017-12-05
Interna,2017-05-02,Medicamento,Psiquiatria,"Secretaria de Ciência, Tecnologia e Insumos Estratégicos SCTIE/MS",Memantina,Processo encerrado: decisão de incorporação no SUS,Doença de Alzheimer,Incorporação,2017-11-09
Interna,2017-05-15,Medicamento,Neurologia,Secretaria de Atenção à Saúde  SAS/MS,Neuromoduladores,Processo encerrado: a pedido do demandante,Dor crônica,Incorporação,
Interna,2017-05-15,Medicamento,Neurologia,Secretaria de Atenção à Saúde  SAS/MS,Nervo periférico,Processo encerrado: a pedido do demandante,Dor crônica,Incorporação,
Interna,2017-06-01,Medicamento,Genética,"Secretaria de Ciência, Tecnologia e Insumos Estratégicos SCTIE/MS",Alfataliglicerase,Processo encerrado: decisão de incorporação no SUS,Uso pediátrico na doença de Gaucher,Ampliação de Uso,2017-07-20
Interna,2017-06-08,Medicamento,Gastroenterologia ,"Secretaria de Ciência, Tecnologia e Insumos Estratégicos SCTIE/MS",Infliximabe e adalimumabe,Processo encerrado: a pedido do demandante,Tratamento de pacientes com colite ulcerativa grave refratários à ciclosporina e corticosteroides.,Incorporação,
Interna,2017-06-20,Produto,Saúde da Mulher,Secretaria de Atenção à Saúde  SAS/MS,Implante subdérmico,Processo encerrado: a pedido do demandante,Fortalecimento das ações de saúde sexual e saúde reprodutiva,Incorporação,
Interna,2017-07-07,Medicamento,Cardiologia,Secretaria Municipal de Saúde de Belo Horizonte,Alteplase,Processo encerrado: decisão de incorporação no SUS,Tratamento da embolia pulmonar aguda,Incorporação,2018-09-12
Interna,2017-07-10,Procedimento,Oncologia,Secretaria de Atenção à Saúde  SAS/MS,Laringe eletrônica,Processo encerrado: decisão de incorporação no SUS,Neoplasia maligna da laringe,Incorporação,2018-09-12
Interna,2017-07-13,Produto,Ortopedia,Secretaria de Atenção à Saúde  SAS/MS,Prótese de cerâmicapolietileno,Processo encerrado: decisão de incorporação no SUS,Artroplastia total de quadril em pacientes jovens,Incorporação,2019-02-19
Interna,2017-07-13,Produto,Ortopedia,Secretaria de Atenção à Saúde  SAS/MS,Prótese para artroplastia de quadril,Processo encerrado: decisão de incorporação no SUS,Artroplastia de quadril de revisão com material diverso da primária,Incorporação,2019-02-19
Interna,2017-07-19,Procedimento,Genética,Secretaria de Atenção à Saúde  SAS/MS,Detecção da deficiência de glicose6fosfato desidrogenase em papelfiltro,Processo encerrado: decisão de não incorporação no SUS,Teste do pezinho para deficiência de glicose6fosfato desidrogenase,Incorporação,2018-10-31
Interna,2017-06-30,Medicamento,Cardiologia,Conselho Nacional de Secretários Municipais de Saúde  CONASEMS ,"Enoxaparina sódica 40 mg/ 0,4 mL",Processo encerrado: decisão de incorporação no SUS,Gestantes com trombofilia,Incorporação,2018-01-25
Interna,2017-07-14,Procedimento,Ortopedia,Secretaria de Atenção à Saúde  SAS/MS,Distrator osteogênico mandibular,Processo encerrado: decisão de incorporação no SUS,Deformidades crânio e bucomaxilofaciais congênitas ou adquiridas,Incorporação,2019-02-19
Interna,2017-07-20,Medicamento,Infectologia,Secretaria de Vigilância em Saúde  SVS/MS,Vacina contra a Dengue,Processo encerrado: a pedido do demandante,"Prevenção da dengue causada pelos sorotipos 1, 2, 3 e 4 do vírus da dengue",Incorporação,
Interna,2017-08-03,Medicamento,Neurologia,"Secretaria de Ciência, Tecnologia e Insumos Estratégicos SCTIE/MS",Lacosamida,Processo encerrado: decisão de não incorporação no SUS,Pacientes com epilepsia focal refratários aos tratamentos prévios com os fármacos antiepilépticos,Incorporação,2018-04-30
Interna,2017-09-11,Medicamento,Imunologia,"Secretaria de Ciência, Tecnologia e Insumos Estratégicos SCTIE/MS",Belimumabe,Processo encerrado: decisão de não incorporação no SUS,Lúpus eritematoso sistêmico,Incorporação,2018-07-11
Interna,2017-09-11,Medicamento,Nefrologia,"Secretaria de Ciência, Tecnologia e Insumos Estratégicos SCTIE/MS",Micofenolato de mofetila,Processo encerrado: decisão de incorporação no SUS,Nefrite lúpica,Incorporação,2022-05-20
Interna,2017-09-18,Medicamento,Endocrinologia,"Secretaria de Ciência, Tecnologia e Insumos Estratégicos SCTIE/MS",Desmopressina oral,Processo encerrado: decisão de incorporação no SUS,Tratamento de diabetes insípido central,Incorporação,2017-12-20
Interna,2017-09-18,Medicamento,Genética,"Secretaria de Ciência, Tecnologia e Insumos Estratégicos SCTIE/MS",Idursulfase,Processo encerrado: decisão de incorporação no SUS,Terapia de reposição enzimática na mucopolissacaridose tipo II,Incorporação,2017-12-20
Interna,2017-09-18,Medicamento,Ortopedia,"Secretaria de Ciência, Tecnologia e Insumos Estratégicos SCTIE/MS",Tramadol,Processo encerrado: por decisão da Conitec,Osteoartrite de joelho e quadril,Incorporação,
Interna,2017-09-18,Medicamento,Ortopedia,"Secretaria de Ciência, Tecnologia e Insumos Estratégicos SCTIE/MS",Naproxeno,Processo encerrado: decisão de incorporação no SUS,Osteoartrite de joelho e quadril,Ampliação de Uso,2017-11-27
Interna,2017-09-18,Medicamento,Hematologia,"Secretaria de Ciência, Tecnologia e Insumos Estratégicos SCTIE/MS",Danazol,Processo encerrado: a pedido do demandante,Síndrome de Evans,Incorporação,
Interna,2017-09-18,Medicamento,Endocrinologia,"Secretaria de Ciência, Tecnologia e Insumos Estratégicos SCTIE/MS",Pegvisomanto,Processo encerrado: decisão de não incorporação no SUS,Acromegalia,Incorporação,2018-03-29
Interna,2017-09-18,Medicamento,Endocrinologia,"Secretaria de Ciência, Tecnologia e Insumos Estratégicos SCTIE/MS",Ezetimiba,Processo encerrado: decisão de não incorporação no SUS,Tratamento da dislipidemia,Incorporação,2018-08-29
Interna,2017-09-18,Medicamento,Oncologia,"Secretaria de Ciência, Tecnologia e Insumos Estratégicos SCTIE/MS",Bevacizumabe,Processo encerrado: a pedido do demandante,Câncer de ovário,Incorporação,
Interna,2017-10-18,Medicamento,Reumatologia,"Secretaria de Ciência, Tecnologia e Insumos Estratégicos SCTIE/MS",Ácido zoledrônico,Processo encerrado: decisão de incorporação no SUS,Doença de Paget,Incorporação,2018-12-21
Interna,2017-10-18,Medicamento,Imunologia,"Secretaria de Ciência, Tecnologia e Insumos Estratégicos SCTIE/MS",Eltrombopague olamina,Processo encerrado: decisão de incorporação no SUS,Tratamento da púrpura trombocitopênica idiopática (PTI),Incorporação,2018-12-12
Interna,2017-10-18,Medicamento,Genética,"Secretaria de Ciência, Tecnologia e Insumos Estratégicos SCTIE/MS",Alfaalglicosidase,Processo encerrado: a pedido do demandante,Doença de Pompe,Incorporação,
Interna,2017-11-07,Medicamento,Genética,"Secretaria de Ciência, Tecnologia e Insumos Estratégicos SCTIE/MS",Alfagalsidase,Processo encerrado: decisão de não incorporação no SUS,Terapia de reposição enzimática na doença de Fabry,Incorporação,2018-12-17
Interna,2017-11-07,Medicamento,Genética,"Secretaria de Ciência, Tecnologia e Insumos Estratégicos SCTIE/MS",Betaagalsidase,Processo encerrado: decisão de não incorporação no SUS,Terapia de reposição enzimática na doença de Fabry,Incorporação,2018-12-17
Interna,2017-11-07,Medicamento,Reumatologia,"Secretaria de Ciência, Tecnologia e Insumos Estratégicos SCTIE/MS",Adalimumabe,Processo encerrado: decisão de incorporação no SUS,Primeira etapa de tratamento após falha da terapia de primeira linha de tratamento da psoríase,Incorporação,2018-10-31
Interna,2017-11-07,Medicamento,Reumatologia,"Secretaria de Ciência, Tecnologia e Insumos Estratégicos SCTIE/MS",Etanercepte,Processo encerrado: decisão de incorporação no SUS,Primeira etapa de tratamento da psoríase após falha de primeira linha em pacientes pediátricos,Incorporação,2018-10-31
Interna,2017-11-07,Medicamento,Reumatologia,"Secretaria de Ciência, Tecnologia e Insumos Estratégicos SCTIE/MS",Infliximabe,Processo encerrado: decisão de não incorporação no SUS,Tratamento da psoríase,Incorporação,2018-10-31
Interna,2017-11-07,Medicamento,Reumatologia,"Secretaria de Ciência, Tecnologia e Insumos Estratégicos SCTIE/MS",Secuquinumabe,Processo encerrado: decisão de incorporação no SUS,Segunda etapa de tratamento após falha da primeira etapa da segunda linha de tratamento da psoríase,Incorporação,2018-10-31
Interna,2017-11-07,Medicamento,Reumatologia,"Secretaria de Ciência, Tecnologia e Insumos Estratégicos SCTIE/MS",Ustequinumabe,Processo encerrado: decisão de incorporação no SUS,Segunda etapa de tratamento após falha da primeira etapa da segunda linha de tratamento da psoríase,Incorporação,2018-10-31
Interna,2017-11-23,Medicamento,Genética,"Secretaria de Ciência, Tecnologia e Insumos Estratégicos SCTIE/MS",Sapropterina,Processo encerrado: decisão de incorporação no SUS,Tratamento da fenilcetonúria,Incorporação,2018-12-17
Interna,2017-11-23,Medicamento,Genética,"Secretaria de Ciência, Tecnologia e Insumos Estratégicos SCTIE/MS",Fórmula metabólica isenta de metionina,Processo encerrado: decisão de incorporação no SUS,Homocistinúria clássica,Incorporação,2019-07-24
Interna,2018-01-15,Medicamento,Pneumologia,"Secretaria de Ciência, Tecnologia e Insumos Estratégicos SCTIE/MS",Goma e pastilha de nicotina,Processo encerrado: a pedido do demandante,Dependência de nicotina,Incorporação,
Interna,2018-01-22,Procedimento,Hematologia,"Secretaria de Ciência, Tecnologia e Insumos Estratégicos SCTIE/MS",Transplante de célulastronco hematopoiéticas,Processo encerrado: decisão de incorporação no SUS,Mucopolissacaridose tipo I,Ampliação de Uso,2018-01-25
Interna,2018-01-22,Procedimento,Hematologia,"Secretaria de Ciência, Tecnologia e Insumos Estratégicos SCTIE/MS",Transplante de célulastronco hematopoiéticas,Processo encerrado: decisão de incorporação no SUS,Mucopolissacaridose tipo II,Ampliação de Uso,2018-01-25
Interna,2018-01-23,Medicamento,Genética,"Secretaria de Ciência, Tecnologia e Insumos Estratégicos SCTIE/MS",Nusinersena,Processo encerrado: a pedido do demandante,Atrofia muscular espinhal (AME),Incorporação,
Interna,2018-02-01,Medicamento,Endocrinologia,Secretaria de Estado de Saúde de Minas Gerais  SES/MG,Insulinas análogas de ação prolongada,Processo encerrado: decisão de não incorporação no SUS,Tratamento de diabetes mellitus tipo II,Incorporação,2019-02-27
Interna,2018-02-01,Medicamento,Endocrinologia,Secretaria de Estado de Saúde de Minas Gerais  SES/MG,Insulinas análogas de ação prolongada,Processo encerrado: decisão de incorporação no SUS,Tratamento de diabetes mellitus tipo I,Incorporação,2019-03-29
Interna,2018-02-06,Medicamento,Pneumologia,"Secretaria de Ciência, Tecnologia e Insumos Estratégicos SCTIE/MS",Brometo de glicopirrônio,Processo encerrado: a pedido do demandante,Doença pulmonar obstrutiva crônica (DPOC),Incorporação,
Interna,2018-02-06,Medicamento,Pneumologia,"Secretaria de Ciência, Tecnologia e Insumos Estratégicos SCTIE/MS",Brometo de umeclidínio,Processo encerrado: a pedido do demandante,Doença pulmonar obstrutiva crônica (DPOC),Incorporação,
Interna,2018-02-06,Medicamento,Pneumologia,"Secretaria de Ciência, Tecnologia e Insumos Estratégicos SCTIE/MS",Brometo de tiotrópio,Processo encerrado: a pedido do demandante,Doença pulmonar obstrutiva crônica (DPOC),Incorporação,
Interna,2018-02-07,Medicamento,Endocrinologia,"Secretaria de Ciência, Tecnologia e Insumos Estratégicos SCTIE/MS",Hidrocortisona 5 mg,Processo encerrado: a pedido do demandante,Hiperplasia adrenal congênita,Incorporação,
Interna,2018-02-28,Medicamento,Cardiologia,"Secretaria de Ciência, Tecnologia e Insumos Estratégicos SCTIE/MS",Peptídeos natriuréticos tipo B (BNP e NTProBNP),Processo encerrado: decisão de incorporação no SUS,Diagnóstico de insuficiência cardíaca,Incorporação,2018-11-13
Interna,2018-03-02,Medicamento,Endocrinologia,Secretaria de Atenção à Saúde  SAS/MS,Vitaminas e minerais,Processo encerrado: a pedido do demandante,Pósoperatório de cirurgia bariátrica,Incorporação,
Interna,2018-03-12,Procedimento,Hepatologia,Secretaria de Atenção à Saúde  SAS/MS,Transplante de fígado,Processo encerrado: decisão de incorporação no SUS,Insuficiência hepática hiperagudaIHH relacionada à febre amarelaFA,Incorporação,2019-04-24
Interna,2018-03-16,Medicamento,Urologia,"Secretaria de Ciência, Tecnologia e Insumos Estratégicos SCTIE/MS",Oxibutinina,Processo encerrado: a pedido do demandante,Incontinência urinária de urgência (IUU),Incorporação,
Interna,2018-03-16,Medicamento,Urologia,"Secretaria de Ciência, Tecnologia e Insumos Estratégicos SCTIE/MS",Tolterodina,Processo encerrado: a pedido do demandante,Incontinência urinária de urgência (IUU),Incorporação,
Interna,2018-03-19,Medicamento,Urologia,"Secretaria de Ciência, Tecnologia e Insumos Estratégicos SCTIE/MS",Solifenacina,Processo encerrado: a pedido do demandante,Incontinência urinária de urgência (IUU),Incorporação,
Interna,2018-03-19,Medicamento,Urologia,"Secretaria de Ciência, Tecnologia e Insumos Estratégicos SCTIE/MS",Darifenacina,Processo encerrado: a pedido do demandante,Incontinência urinária de urgência (IUU),Incorporação,
Interna,2018-03-19,Medicamento,Urologia,"Secretaria de Ciência, Tecnologia e Insumos Estratégicos SCTIE/MS",Mirabegrona,Processo encerrado: a pedido do demandante,Incontinência urinária de urgência (IUU),Incorporação,
Interna,2018-03-19,Medicamento,Urologia,"Secretaria de Ciência, Tecnologia e Insumos Estratégicos SCTIE/MS",Onabotulinotoxina,Processo encerrado: a pedido do demandante,Incontinência urinária de urgência (IUU) em pacientes refratários aos cuidados conservadores e tratamento farmacológico,Incorporação,
Interna,2018-03-19,Procedimento,Urologia,"Secretaria de Ciência, Tecnologia e Insumos Estratégicos SCTIE/MS",Neuromodulação sacral,Processo encerrado: a pedido do demandante,Incontinência urinária de urgência (IUU) em pacientes refratários aos tratamentos conservador e farmacológico,Incorporação,
Interna,2018-03-20,Produto,Urologia,"Secretaria de Ciência, Tecnologia e Insumos Estratégicos SCTIE/MS",Sling utilizando tela de polipropileno,Processo encerrado: a pedido do demandante,Incontinência urinária de esforço (IUE) em mulheres adultas,Incorporação,
Interna,2018-03-20,Medicamento,Oftalmologia,"Secretaria de Ciência, Tecnologia e Insumos Estratégicos SCTIE/MS",Aflibercepte,Processo encerrado: a pedido do demandante,Retinopatia diabética proliferativa (RDP) e edema macular diabético (EMD),Incorporação,
Interna,2018-03-20,Medicamento,Oftalmologia,"Secretaria de Ciência, Tecnologia e Insumos Estratégicos SCTIE/MS",Bevacizumabe,Processo encerrado: a pedido do demandante,Retinopatia diabética proliferativa (RDP) e edema macular diabético (EMD),Incorporação,
Interna,2018-03-20,Medicamento,Oftalmologia,"Secretaria de Ciência, Tecnologia e Insumos Estratégicos SCTIE/MS",Ranibizumabe,Processo encerrado: a pedido do demandante,Retinopatia diabética proliferativa (RDP) e edema macular diabético (EMD),Incorporação,
Interna,2018-03-20,Procedimento,Oftalmologia,"Secretaria de Ciência, Tecnologia e Insumos Estratégicos SCTIE/MS",Implante intravítreo de dexametasona,Processo encerrado: a pedido do demandante,Retinopatia diabética proliferativa (RDP) e edema macular diabético (EMD),Incorporação,
Interna,2018-03-20,Procedimento,Oftalmologia,"Secretaria de Ciência, Tecnologia e Insumos Estratégicos SCTIE/MS",Tomografia de coerência óptica (OCT),Processo encerrado: a pedido do demandante,Diagnóstico e monitorização de edema macular diabético,Incorporação,
Interna,2018-04-09,Medicamento,Imunologia,"Secretaria de Ciência, Tecnologia e Insumos Estratégicos SCTIE/MS",Basiliximab,Processo encerrado: por decisão da Conitec,Imunossupressão de indução ou rejeição aguda celular resistente a esteroides em pacientes pediátricos que passaram por transplante,Incorporação,
Interna,2018-04-09,Medicamento,Imunologia,"Secretaria de Ciência, Tecnologia e Insumos Estratégicos SCTIE/MS",Imunoglobulina antitimócito (timoglobulina),Processo encerrado: por decisão da Conitec,Imunossupressão da rejeição aguda celular resistente a esteroides em pacientes pediátricos que passaram por transplante hepático,Incorporação,
Interna,2018-04-09,Medicamento,Imunologia,"Secretaria de Ciência, Tecnologia e Insumos Estratégicos SCTIE/MS",Everolimo,Processo encerrado: por decisão da Conitec,"Imunossupressão de manutenção, rejeição aguda celular resistente a esteroides e rejeição crônica em pacientes pediátricos que passaram por transplante hepático",Incorporação,
Interna,2018-04-11,Medicamento,Hematologia,"Secretaria de Ciência, Tecnologia e Insumos Estratégicos SCTIE/MS",Eculizumabe,Processo encerrado: decisão de incorporação no SUS,Tratamento da hemoglobinúria paroxística noturna (HPN),Incorporação,2018-12-17
Interna,2018-04-17,Procedimento,Ortopedia,Secretaria de Atenção à Saúde  SAS/MS,"Prótese de aço, teflon e titânio",Processo encerrado: a pedido do demandante,Prótese de orelha média para estapedectomia,Incorporação,
Interna,2018-05-03,Procedimento,Genética,"Secretaria de Ciência, Tecnologia e Insumos Estratégicos SCTIE/MS",Sequenciamento completo do exoma,Processo encerrado: decisão de incorporação no SUS,Investigação etiológica de deficiência intelectual de causa indeterminada,Incorporação,2019-03-29
Interna,2018-05-07,Procedimento,Genética,Secretaria de Atenção à Saúde  SAS/MS,Detecção da galactosemia no teste do pezinho,Processo encerrado: decisão de não incorporação no SUS,Deficiência de galactose1Puridil transferase,Incorporação,2018-10-31
Interna,2018-05-08,Medicamento,Pneumologia,"Secretaria de Ciência, Tecnologia e Insumos Estratégicos SCTIE/MS",Rifampicina 300 mg + isoniazida 150mg,Processo encerrado: decisão de incorporação no SUS,Tratamento da tuberculose sensível,Incorporação,2018-08-29
Interna,2018-05-08,Medicamento,Pneumologia,"Secretaria de Ciência, Tecnologia e Insumos Estratégicos SCTIE/MS",Isoniazida 300mg,Processo encerrado: decisão de incorporação no SUS,Infecção latente por Mycobacterium tuberculosis,Incorporação,2018-08-29
Interna,2018-05-10,Procedimento,Urologia,Secretaria de Atenção à Saúde  SAS/MS,Ureterolitotripsia transureteroscópica,Processo encerrado: decisão de incorporação no SUS,Litíase do trato urinário,Incorporação,2019-03-20
Interna,2018-05-17,Medicamento,Infectologia,Secretaria de Vigilância em Saúde  SVS/MS,Clofazimina,Processo encerrado: decisão de incorporação no SUS,Hanseníase paucibacilar,Ampliação de Uso,2018-12-12
Interna,2018-05-30,Medicamento,Ginecologia,"Secretaria de Ciência, Tecnologia e Insumos Estratégicos SCTIE/MS",Clomifeno,Processo encerrado: por decisão da Conitec,Indução de ovulação (Infertilidade),Incorporação,
Interna,2018-07-10,Medicamento,Oncologia,"Secretaria de Ciência, Tecnologia e Insumos Estratégicos SCTIE/MS",Abiraterona,Processo encerrado: a pedido do demandante,Câncer de próstata metastático resistente à castração de pacientes com uso prévio de quimioterapia,Incorporação,
Interna,2018-09-03,Procedimento,Genética,Secretaria de Vigilância em Saúde  SVS/MS,Teste do pezinho,Processo encerrado: decisão de incorporação no SUS,Detecção da toxoplasmose congênita,Ampliação de Uso,2020-03-05
Interna,2018-09-14,Medicamento,Imunologia,"Secretaria de Ciência, Tecnologia e Insumos Estratégicos SCTIE/MS",Dispositivo Tobii Eye Tracker,Processo encerrado: por decisão da Conitec,Esclerose lateral amiotrófica ou paralisia total,Incorporação,
Interna,2018-10-03,Procedimento,Oncologia,Secretaria de Atenção à Saúde  SAS/MS,Quimioterapia prévia,Processo encerrado: a pedido do demandante,Câncer de mama para doentes no estágio II,Ampliação de Uso,
Interna,2018-11-08,Medicamento,infectologia,Secretaria de Vigilância em Saúde  SVS/MS,Doses fixas combinadas pediátricas RHZ (rifampicina 75 mg + isoniazida 50 mg + pirazinamida 150mg) e RH (rifampicina 75 mg + isoniazida 50mg),Processo encerrado: decisão de incorporação no SUS,Tratamento da tuberculose em crianças menores de 10 anos,Incorporação,2019-09-09
Interna,2018-12-14,Procedimento,Hepatologia,Secretaria Municipal de Saúde de Porto Alegre,Colangiopancreatografia endoscópica retrógrada précirúrgica,Processo encerrado: decisão de incorporação no SUS,Tratamento de Coledocolitíase,Ampliação de Uso,2019-07-25
Interna,2019-02-19,Medicamento,Reumatologia,"Secretaria de Ciência, Tecnologia e Insumos Estratégicos SCTIE/MS",Pamidronato dissódico,Processo encerrado: decisão de exclusão do SUS,Tratamento da doença de Paget óssea,Exclusão ,2019-04-18
Interna,2019-02-21,Medicamento,Infectologia,Secretaria de Vigilância em Saúde  SVS/MS,Simeprevir,Processo encerrado: decisão de exclusão do SUS,Tratamento da hepatite C,Exclusão ,2019-02-27
Interna,2019-02-21,Medicamento,Infectologia,Secretaria de Vigilância em Saúde  SVS/MS,"Ombitasvir 12,5 mg / veruprevir 75 mg / ritonavir 50 mg comprimido e dasabuvir 250 mg comprimido",Processo encerrado: decisão de exclusão do SUS,Tratamento da hepatite C,Exclusão ,2019-09-12
Interna,2019-03-19,Medicamento,Neurologia,"Secretaria de Ciência, Tecnologia e Insumos Estratégicos SCTIE/MS",Miglustate,Processo encerrado: decisão de não incorporação no SUS,Manifestações neurológicas da doença de NiemannPick tipo C (NPC),Incorporação,2019-07-24
Interna,2020-07-01,Medicamento,Infectologia,Secretaria de Vigilância em Saúde  SVS/MS,Flucitosina,Processo encerrado: decisão de incorporação no SUS,Tratamento de pacientes com meningite criptocócica e demais formas de neurocriptococose,Incorporação,2021-06-02
Interna,2019-03-21,Medicamento,Dermatologia,"Secretaria de Ciência, Tecnologia e Insumos Estratégicos SCTIE/MS",Clindamicina 1% tópica,Processo encerrado: decisão de incorporação no SUS,Tratamento de lesões superficiais na hidradenite supurativa,Incorporação,2019-06-12
Interna,2019-03-21,Medicamento,Dermatologia,"Secretaria de Ciência, Tecnologia e Insumos Estratégicos SCTIE/MS",Tetraciclina 500 mg,Processo encerrado: decisão de incorporação no SUS,Tratamento de hidradenite supurativa leve,Incorporação,2019-06-12
Interna,2019-03-21,Medicamento,Dermatologia,"Secretaria de Ciência, Tecnologia e Insumos Estratégicos SCTIE/MS",Clindamicina 300 mg associada com rifampicina 300 mg,Processo encerrado: decisão de incorporação no SUS,Tratamento de hidradenite supurativa moderada,Incorporação,2019-06-12
Interna,2019-03-25,Medicamento,Pneumologia,Instituto Nacional de Câncer  INCA,Vareniclina,Processo encerrado: decisão de não incorporação no SUS,Cessação do tabagismo,Incorporação,2019-07-25
Interna,2019-03-27,Medicamento,Oncologia,"Secretaria de Ciência, Tecnologia e Insumos Estratégicos SCTIE/MS",Abiraterona,Processo encerrado: decisão de incorporação no SUS,Câncer de próstata metastático resistente à castração em pacientes com uso prévio de quimioterapia,Incorporação,2019-07-25
Interna,2019-04-01,Medicamento,Genética,"Secretaria de Ciência, Tecnologia e Insumos Estratégicos SCTIE/MS",Alfaalglicosidase,Processo encerrado: decisão de incorporação no SUS,Terapia de reposição enzimática na doença de Pompe,Incorporação,2019-10-17
Interna,2019-03-28,Medicamento,Urologia,"Secretaria de Ciência, Tecnologia e Insumos Estratégicos SCTIE/MS",Oxibutinina,Processo encerrado: decisão de não incorporação no SUS,Tratamento da incontinência urinária de urgência (IUU),Incorporação,2019-06-28
Interna,2019-03-28,Medicamento,Urologia,"Secretaria de Ciência, Tecnologia e Insumos Estratégicos SCTIE/MS",Tolterodina,Processo encerrado: decisão de não incorporação no SUS,Tratamento da incontinência urinária de urgência (IUU),Incorporação,2019-06-28
Interna,2019-03-28,Medicamento,Urologia,"Secretaria de Ciência, Tecnologia e Insumos Estratégicos SCTIE/MS",Solifenacina,Processo encerrado: decisão de não incorporação no SUS,Tratamento da incontinência urinária de urgência (IUU),Incorporação,2019-06-28
Interna,2019-03-28,Medicamento,Urologia,"Secretaria de Ciência, Tecnologia e Insumos Estratégicos SCTIE/MS",Darifenacina,Processo encerrado: decisão de não incorporação no SUS,Tratamento da incontinência urinária de urgência (IUU),Incorporação,2019-06-28
Interna,2019-03-28,Medicamento,Urologia,"Secretaria de Ciência, Tecnologia e Insumos Estratégicos SCTIE/MS",Mirabegrona,Processo encerrado: decisão de não incorporação no SUS,Tratamento de incontinência urinária de urgência (IUU),Incorporação,2019-06-28
Interna,2020-07-21,Medicamento,Reumatologia,"Secretaria de Ciência, Tecnologia e Insumos Estratégicos SCTIE/MS",Risedronato 5 mg,Processo encerrado: decisão de exclusão do SUS,Tratamento de pacientes com a Doença de Paget,Exclusão ,2020-08-31
Interna,2019-04-11,Medicamento,Genética,Secretaria de Atenção à Saúde  SAS/MS,Alprostadil injetável,Processo encerrado: por decisão da Conitec,Cardiopatias congênitas críticas neonatais,Incorporação,
Interna,2020-03-24,Medicamento,Infectologia,Secretaria de Vigilância em Saúde  SVS/MS,Delamanida,Processo encerrado: decisão de incorporação no SUS,Tratamento de tuberculose multirresistente e tuberculose com resistência extensiva,Incorporação,2020-08-26
Interna,2020-03-19,Procedimento,Infectologia,Secretaria de Vigilância em Saúde  SVS/MS,Cultura líquida automatizada,Processo encerrado: decisão de incorporação no SUS,Detecção de micobactérias e teste de sensibilidade aos antimicrobianos utilizados no tratamento da tuberculose,Incorporação,2020-08-26
Interna,2019-05-21,Medicamento,Infectologia,Secretaria de Vigilância em Saúde  SVS/MS,Bedaquilina,Processo encerrado: decisão de incorporação no SUS,"Pacientes com tuberculose resistentes à rifampicina, multirresistentes e extensivamente resistentes a medicamentos",Incorporação,2020-09-01
Interna,2019-05-24,Medicamento,Infectologia,Secretaria de Vigilância em Saúde  SVS/MS,Rifapentina + isoniazida,Processo encerrado: decisão de incorporação no SUS,Tratamento da infecção latente pelo Mycobacterium tuberculosis (ILTB),Incorporação,2020-06-15
Interna,2019-05-21,Medicamento,Infectologia,Secretaria de Vigilância em Saúde  SVS/MS,Bedaquilina,Processo encerrado: decisão de incorporação no SUS,"Pacientes com tuberculose resistente à rifampicina, multirresistente e extensivamente resistentes a medicamentos",Incorporação,2020-09-01
Interna,2019-06-26,Medicamento,Infectologia,Secretaria de Vigilância em Saúde  SVS/MS,Dolutegravir,Processo encerrado: decisão de incorporação no SUS,Tratamento de pacientes coinfectados com HIV e tuberculose,Ampliação de Uso,2019-11-06
Interna,2019-07-09,Procedimento,Infectologia ,"Secretaria de Ciência, Tecnologia, Inovação e Insumos Estratégicos em Saúde SCTIE/MS",Reação em cadeia da polimerase – Transcriptase reversa qualitativa (RTPCR) e quantitativa (RTqPCR) e hibridização in situ (ISH),Processo encerrado: decisão de incorporação no SUS,Diagnóstico e monitoramento da leucemia mieloide crônica (LMC) e da leucemia linfoblástica aguda cromossoma Philadelphia positivo (LLA Ph+),Incorporação,2019-11-20
Interna,2019-07-12,Medicamento,Hematologia,"Secretaria de Ciência, Tecnologia, Inovação e Insumos Estratégicos em Saúde SCTIE/MS",Eculizumabe,Processo encerrado: decisão de não incorporação no SUS,Tratamento da síndrome hemolítica urêmica atípica,Incorporação,2019-11-20
Interna,2019-07-23,Medicamento,Gastroenterologia ,"Secretaria de Ciência, Tecnologia, Inovação e Insumos Estratégicos em Saúde SCTIE/MS",Medicamentos biológicos (infliximabe e vedolizumabe),Processo encerrado: decisão de incorporação no SUS,Tratamento da retocolite ulcerativa moderada a grave,Incorporação,2019-10-23
Interna,2019-07-23,Medicamento,Gastroenterologia ,"Secretaria de Ciência, Tecnologia, Inovação e Insumos Estratégicos em Saúde SCTIE/MS",Medicamentos biológicos (adalimumabe e golimumabe),Processo encerrado: decisão de não incorporação no SUS,Tratamento da retocolite ulcerativa moderada a grave,Incorporação,2019-10-23
Interna,2019-07-29,Medicamento,Ortopedia,"Secretaria de Ciência, Tecnologia, Inovação e Insumos Estratégicos em Saúde SCTIE/MS",Canaquinumabe,Processo encerrado: decisão de não incorporação no SUS,Tratamento da Artrite Idiopática Juvenil Sistêmica,Incorporação,2021-11-13
Interna,2019-08-01,Medicamento,Endocrinologia,"Secretaria de Ciência, Tecnologia, Inovação e Insumos Estratégicos em Saúde SCTIE/MS",Empagliflozina,Processo encerrado: decisão de não incorporação no SUS,Tratamento da Diabetes mellitus tipo 2,Incorporação,2020-05-04
Interna,2019-08-01,Medicamento,Endocrinologia,"Secretaria de Ciência, Tecnologia, Inovação e Insumos Estratégicos em Saúde SCTIE/MS",Dapagliflozina,Processo encerrado: decisão de incorporação no SUS,Tratamento da Diabetes mellitus tipo 2,Incorporação,2020-05-04
Interna,2019-08-13,Produto,Otorrinolaringologia,Secretaria de Atenção Especializada à Saúde  SAES/MS,Sistema de frequência modulada pessoal – FM,Processo encerrado: decisão de incorporação no SUS,Indivíduos com deficiência auditiva de qualquer idade matriculados em qualquer nível acadêmico,Ampliação de Uso,2020-02-20
Interna,2019-12-04,Procedimento,Saúde da Mulher,"Secretaria de Ciência, Tecnologia, Inovação e Insumos Estratégicos em Saúde SCTIE/MS",Exames diagnósticos: i) mutação do gene de protrombina; ii) dosagem de proteína C funcional; iii) dosagem de proteína S livre; iv) antibeta 2 glicoproteína IgG; v) antibeta 2 glicoproteína IgM; e vi) anticoagulante lúpico,Processo encerrado: decisão de incorporação no SUS,Trombofilia em gestantes,Incorporação,2020-01-13
Interna,2019-08-26,Medicamento,Endocrinologia,"Secretaria de Ciência, Tecnologia, Inovação e Insumos Estratégicos em Saúde SCTIE/MS",Sibutramina,Processo encerrado: decisão de não incorporação no SUS,Tratamento dos pacientes com obesidade,Incorporação,2020-04-24
Interna,2019-08-26,Medicamento,Endocrinologia,"Secretaria de Ciência, Tecnologia, Inovação e Insumos Estratégicos em Saúde SCTIE/MS",Orlistate,Processo encerrado: decisão de não incorporação no SUS,Redução de peso em indivíduos com sobrepeso ou obesidade,Incorporação,2020-04-24
Interna,2020-08-24,Medicamento,Dermatologia,Secretaria de Vigilância em Saúde  SVS/MS,Claritromicina,Processo encerrado: decisão de incorporação no SUS,Tratamento de pacientes com hanseníase resistente a medicamentos.,Ampliação de Uso,2020-12-29
Interna,2019-09-06,Medicamento,Dermatologia,Secretaria de Vigilância em Saúde  SVS/MS,Rifampicina,Processo encerrado: decisão de exclusão do SUS,Quimioprofilaxia de contatos de pacientes com hanseníase,Exclusão ,2020-06-15
Interna,2019-09-02,Medicamento,Infectologia,"Secretaria de Ciência, Tecnologia, Inovação e Insumos Estratégicos em Saúde SCTIE/MS",Vacina Meningocócica ACWY (conjugada),Processo encerrado: decisão de incorporação no SUS,Pacientes com hemoglobinúria paroxística noturna (HPN) que utilizem eculizumabe,Incorporação,2019-11-20
Interna,2019-09-02,Medicamento,Infectologia,"Secretaria de Ciência, Tecnologia, Inovação e Insumos Estratégicos em Saúde SCTIE/MS",Vacina adsorvida Meningocócica B (recombinante),Processo encerrado: decisão de não incorporação no SUS,Pacientes com hemoglobinúria paroxística noturna (HPN) que utilizem eculizumabe,Incorporação,2019-11-20
Interna,2019-09-02,Medicamento,Hematologia,"Secretaria de Ciência, Tecnologia, Inovação e Insumos Estratégicos em Saúde SCTIE/MS",Citometria de fluxo,Processo encerrado: decisão de incorporação no SUS,Diagnóstico de hemoglobinúria paroxística noturna,Ampliação de Uso,2019-11-22
Interna,2019-09-02,Produto,Nefrologia,"Secretaria de Ciência, Tecnologia, Inovação e Insumos Estratégicos em Saúde SCTIE/MS",Transplante alogênico de célulastronco hematopoiéticas de medula óssea,Processo encerrado: decisão de incorporação no SUS,Hemoglobinúria paroxística noturna,Ampliação de Uso,2019-11-20
Interna,2019-09-20,Medicamento,Infectologia,Secretaria de Vigilância em Saúde  SVS/MS,Dolutegravir,Processo encerrado: decisão de incorporação no SUS,Tratamento de gestantes vivendo com HIV,Ampliação de Uso,2020-03-05
Interna,2019-09-25,Procedimento,Infectologia,Secretaria de Vigilância em Saúde  SVS/MS,Testagem universal para hepatite viral C,Processo encerrado: decisão de incorporação no SUS,Hepatite C em gestantes no primeiro trimestre de gravidez durante o prénatal,Incorporação,2020-08-20
Interna,2019-10-07,Medicamento,Urologia,"Secretaria de Ciência, Tecnologia, Inovação e Insumos Estratégicos em Saúde SCTIE/MS",Oxibutinina,Processo encerrado: decisão de não incorporação no SUS,Tratamento da disfunção de armazenamento em pacientes com bexiga neurogênica,Incorporação,2020-03-12
Interna,2019-10-07,Medicamento,Urologia,"Secretaria de Ciência, Tecnologia, Inovação e Insumos Estratégicos em Saúde SCTIE/MS",Tolterodina,Processo encerrado: decisão de não incorporação no SUS,Tratamento da disfunção de armazenamento em pacientes com bexiga neurogênica,Incorporação,2020-03-12
Interna,2019-10-07,Medicamento,Urologia,"Secretaria de Ciência, Tecnologia, Inovação e Insumos Estratégicos em Saúde SCTIE/MS",Solifenacina,Processo encerrado: decisão de não incorporação no SUS,Tratamento da disfunção de armazenamento em pacientes com bexiga neurogênica,Incorporação,2020-03-12
Interna,2019-10-07,Medicamento,Urologia,"Secretaria de Ciência, Tecnologia, Inovação e Insumos Estratégicos em Saúde SCTIE/MS",Darifenacina,Processo encerrado: decisão de não incorporação no SUS,Tratamento da disfunção de armazenamento em pacientes com bexiga neurogênica,Incorporação,2020-03-12
Interna,2019-10-08,Medicamento,Urologia,"Secretaria de Ciência, Tecnologia, Inovação e Insumos Estratégicos em Saúde SCTIE/MS",Mirabegrona,Processo encerrado: decisão de não incorporação no SUS,Tratamento da disfunção de armazenamento em pacientes com bexiga neurogênica,Incorporação,2020-03-12
Interna,2019-11-05,Medicamento,Infectologia,"Secretaria de Ciência, Tecnologia, Inovação e Insumos Estratégicos em Saúde SCTIE/MS",Pirazinamida 150 mg (apresentação dispersível),Processo encerrado: decisão de incorporação no SUS,Relação Nacional de Medicamentos Essenciais RENAME,Incorporação,2020-12-22
Interna,2019-11-26,Procedimento,Oncologia,"Secretaria de Ciência, Tecnologia, Inovação e Insumos Estratégicos em Saúde SCTIE/MS",Cirurgia de citorredução com hipertermoquimioterapia Mesotelioma,Processo encerrado: decisão de incorporação no SUS,Pacientes com mesotelioma peritoneal maligno,Incorporação,2020-04-02
Interna,2019-11-26,Procedimento,Oncologia,"Secretaria de Ciência, Tecnologia, Inovação e Insumos Estratégicos em Saúde SCTIE/MS",Cirurgia de citorredução com hipertermoquimioterapia Pseudomixoma,Processo encerrado: decisão de incorporação no SUS,Pacientes com pseudomixoma peritoneal,Incorporação,2020-04-02
Interna,2019-12-04,Medicamento,Hematologia,Secretaria de Vigilância em Saúde  SVS/MS,Vacina Meningocócica ACWY (conjugada),Processo encerrado: decisão de incorporação no SUS,Para adolescentes de 11 e 12 anos de idade no Calendário Nacional de Vacinação,Ampliação de Uso,2020-10-01
Interna,2019-12-17,Procedimento,Hematologia,Secretaria de Atenção Especializada à Saúde  SAES/MS,Transplante de célulastronco hematopoiéticas alogênico,Processo encerrado: decisão de incorporação no SUS, Ampliar a idade máxima para 75 anos nos procedimentos de transplante de célulastronco hematopoéticas (TCTH) alogênico,Incorporação,2020-08-20
Interna,2019-12-30,Procedimento,Oncologia,"Secretaria de Ciência, Tecnologia, Inovação e Insumos Estratégicos em Saúde SCTIE/MS","Terapia-alvo (vemurafenibe, dabrafenibe, cobimetinibe, trametinibe) e imunoterapia (ipilimumabe, nivolumabe, pembrolizumabe)",Processo encerrado: decisão de incorporação no SUS,Tratamento de primeira linha do melanoma avançado Nãocirúrgico e metastático,Incorporação,2020-08-05
Interna,2020-01-27,Medicamento,Pneumologia,"Secretaria de Ciência, Tecnologia, Inovação e Insumos Estratégicos em Saúde SCTIE/MS",Broncodilatadores antagonista muscarínico de longa ação (lama) + agonista beta2‑adrenérgico de ação longa (laba),Processo encerrado: decisão de incorporação no SUS,Tratamento de pacientes com doença pulmonar obstrutiva crônica (DPOC),Incorporação,2020-12-29
Interna,2020-06-10,Medicamento,Reumatologia,"Secretaria de Ciência, Tecnologia, Inovação e Insumos Estratégicos em Saúde SCTIE/MS",Naproxeno,Processo encerrado: decisão de incorporação no SUS,Tratamento de pacientes com artrite reativa,Ampliação de Uso,2020-11-13
Interna,2020-05-13,Medicamento,Reumatologia,"Secretaria de Ciência, Tecnologia, Inovação e Insumos Estratégicos em Saúde SCTIE/MS",Naproxeno,Processo encerrado: por decisão da Conitec,Lombalgia e cervicalgia,Ampliação de Uso,
Interna,2020-06-10,Medicamento,Endocrinologia,"Secretaria de Ciência, Tecnologia, Inovação e Insumos Estratégicos em Saúde SCTIE/MS","Levotiroxina sódica 12,5 e 37,5 mcg",Processo encerrado: decisão de incorporação no SUS,Tratamento de pacientes com Hipotireoidismo congênito,Ampliação de Uso,2020-09-21
Interna,2020-05-28,Medicamento,Infectologia,"Secretaria de Ciência, Tecnologia, Inovação e Insumos Estratégicos em Saúde SCTIE/MS",Imunoglobulina humana antihepatite B 1.000 UI,Processo encerrado: decisão de incorporação no SUS,Hepatite B,Incorporação,2020-08-20
Interna,2020-09-02,Medicamento,Nefrologia,"Secretaria de Ciência, Tecnologia, Inovação e Insumos Estratégicos em Saúde SCTIE/MS",Muromonabe,Processo encerrado: decisão de exclusão do SUS,Tratamento em pacientes em imunossupressão em transplante renal,Exclusão ,2020-09-22
Interna,2020-09-22,Medicamento,Neurologia,"Secretaria de Ciência, Tecnologia, Inovação e Insumos Estratégicos em Saúde SCTIE/MS",Canabidiol,Processo encerrado: decisão de não incorporação no SUS,Tratamento de crianças e adolescentes com epilepsias refratárias aos tratamentos convencionais,Incorporação,2021-06-02
Interna,2020-09-28,Medicamento,Infectologia,"Secretaria de Ciência, Tecnologia, Inovação e Insumos Estratégicos em Saúde SCTIE/MS",Dasatinibe ,Processo encerrado: decisão de não incorporação no SUS,Adultos com leucemia linfoblástica aguda cromossomo Philadelphia positivo (LLAPh+) resistentes/intolerantes ao mesilato de imatinibe,Ampliação de Uso,2020-12-31
Interna,2020-10-25,Medicamento,Reumatologia,"Secretaria de Ciência, Tecnologia, Inovação e Insumos Estratégicos em Saúde SCTIE/MS","Calcitriol 1,0 mcg/mL injetável",Processo encerrado: decisão de exclusão do SUS,Para Distúrbio Mineral Ósseo,Exclusão ,2020-11-30
Interna,2020-05-28,Procedimento,Infectologia,Secretaria de Vigilância em Saúde  SVS/MS,Teste de fluxo lateral para detecção de lipoarabinomanano em urina (LFLAM),Processo encerrado: decisão de incorporação no SUS,Rastreamento e diagnóstico de tuberculose ativa em pessoas suspeitas vivendo com HIV/AIDS,Incorporação,2021-02-22
Interna,2020-11-27,Medicamento,Neurologia,"Secretaria de Ciência, Tecnologia, Inovação e Insumos Estratégicos em Saúde SCTIE/MS",Metilfenidato e lisdexanfetamina,Processo encerrado: decisão de não incorporação no SUS,Indivíduos com Transtorno do Déficit de Atenção com Hiperatividade,Incorporação,2021-03-19
Interna,2020-11-27,Procedimento,Neurologia,"Secretaria de Ciência, Tecnologia, Inovação e Insumos Estratégicos em Saúde SCTIE/MS",Exame de dosagem de anticorpo antireceptor de acetilcolina,Processo encerrado: decisão de incorporação no SUS,Diagnóstico da Miastenia Gravis,Incorporação,2021-04-22
Interna,2020-11-03,Produto,Cardiovascular,Hospital das Clínicas da Universidade Federal de Minas Gerais,Tromboelastometria rotacional,Processo encerrado: a pedido do demandante,Controle da transfusão em pacientes submetidos a procedimentos cirúrgicos,Incorporação,
Interna,2021-01-25,Medicamento,Pneumologia,"Secretaria de Ciência, Tecnologia, Inovação e Insumos Estratégicos em Saúde SCTIE/MS",Xinafoato de salmeterol aerossol bucal 50 mcg,Processo encerrado: decisão de exclusão do SUS,Tratamento da Asma e da Doença Pulmonar Obstrutiva Crônica (DPOC),Exclusão ,2021-04-29
Interna,2021-01-25,Medicamento,Pneumologia,"Secretaria de Ciência, Tecnologia, Inovação e Insumos Estratégicos em Saúde SCTIE/MS",Spray de formoterol + budesonida,Processo encerrado: decisão de não incorporação no SUS,Tratamento da asma,Incorporação,2021-04-29
Interna,2021-01-25,Medicamento,Oftalmologia,"Secretaria de Ciência, Tecnologia, Inovação e Insumos Estratégicos em Saúde SCTIE/MS",Aflibercepte e ranibizumabe,Processo encerrado: decisão de incorporação no SUS,Tratamento de Degeneração Macular Relacionada à Idade (DMRI) neovascular em pacientes acima de 60 anos,Incorporação,2021-05-10
Interna,2020-12-28,Medicamento,Infectologia,Secretaria de Vigilância em Saúde  SVS/MS,Tenofovir alafenamida (TAF),Processo encerrado: decisão de incorporação no SUS,"Tratamento de adultos com infecção pelo vírus da hepatite B, sem cirrose ou com cirrose compensada",Incorporação,2021-06-02
Interna,2021-01-26,Medicamento,Infectologia,Secretaria de Vigilância em Saúde  SVS/MS,Tafenoquina,Processo encerrado: decisão de incorporação no SUS,Tratamento de pacientes com malária por Plasmodium vivax,Incorporação,2021-03-12
Interna,2020-08-21,Procedimento,Infectologia,Secretaria de Vigilância em Saúde  SVS/MS,Testes comerciais de sondas em linha,Processo encerrado: decisão de incorporação no SUS,"Detecção do Complexo Mycobacterium tuberculosis (MTB), de mutações nas regiões determinantes de resistência à rifampicina e isoniazida (1ª linha) e a fluoroquinolonas e aminoglicosídeos (2ª linha).",Incorporação,2021-07-08
Interna,2020-10-28,Produto,Infectologia,Secretaria de Vigilância em Saúde  SVS/MS,"Teste diagnóstico, point of care, de Cryptococcal Antigen Lateral Flow Assay (CrAg LFA)",Processo encerrado: decisão de incorporação no SUS,Detecção de infecção por Cryptococcus e diagnóstico de meningite criptocócica em pessoas vivendo com o vírus da imunodeficiência humana (PVHIV),Incorporação,2021-06-11
Interna,2021-01-18,Produto,Hematologia,Secretaria de Atenção Especializada à Saúde  SAES/MS,Analisador HemoCue WBC DIFF para dosagem quantitativa dos leucócitos totais e cinco diferenciais (e acessório),Processo encerrado: a pedido do demandante,"Para uso em pacientes que necessitem de dosagem de leucócitos para auxílio diagnóstico, acompanhamento e manejo de infecções",Incorporação,
Interna,2021-01-19,Medicamento,Hematologia,"Secretaria de Ciência, Tecnologia, Inovação e Insumos Estratégicos em Saúde SCTIE/MS",Eculizumabe,Processo encerrado: decisão de não exclusão do SUS,Tratamento de hemoglobinúria paroxística noturna (HPN),Exclusão ,2021-09-09
Interna,2021-02-23,Medicamento,Pneumologia,"Secretaria de Ciência, Tecnologia, Inovação e Insumos Estratégicos em Saúde SCTIE/MS",Mepolizumabe,Processo encerrado: decisão de incorporação no SUS,Tratamento da asma eosinofílica grave refratária em pacientes com idade de 18 anos ou mais,Incorporação,2021-06-02
Interna,2021-02-23,Medicamento,Pneumologia,"Secretaria de Ciência, Tecnologia, Inovação e Insumos Estratégicos em Saúde SCTIE/MS",Benralizumabe,Processo encerrado: decisão de não incorporação no SUS,Tratamento de pacientes com asma eosinofílica grave refratária,Incorporação,2021-06-02
Interna,2021-02-23,Medicamento,Pneumologia,"Secretaria de Ciência, Tecnologia, Inovação e Insumos Estratégicos em Saúde SCTIE/MS",Tiotrópio,Processo encerrado: decisão de não incorporação no SUS,Tratamento da asma moderada e grave em pacientes adultos e crianças (com idade de 6 anos ou mais),Incorporação,2021-06-02
Interna,2021-02-23,Procedimento,Cardiovascular,"Secretaria de Ciência, Tecnologia, Inovação e Insumos Estratégicos em Saúde SCTIE/MS",Implante percutâneo de válvula aórtica (TAVI),Processo encerrado: decisão de incorporação no SUS,Tratamento da estenose aórtica grave em pacientes inoperáveis,Incorporação,2021-07-02
Interna,2021-02-23,Medicamento,Pneumologia,"Secretaria de Ciência, Tecnologia, Inovação e Insumos Estratégicos em Saúde SCTIE/MS",Sirolimo,Processo encerrado: decisão de incorporação no SUS,Pacientes adultos com linfangioleiomiomatose,Ampliação de Uso,2021-07-08
Interna,2021-04-07,Medicamento,Saúde da Mulher,"Secretaria de Ciência, Tecnologia, Inovação e Insumos Estratégicos em Saúde SCTIE/MS","Enoxaparina 60 mg/ 0,6 mL injetável",Processo encerrado: decisão de incorporação no SUS,Prevenção de tromboembolismo venoso em gestantes com trombofilia,Incorporação,2021-07-08
Interna,2021-04-26,Medicamento,Ortopedia,"Secretaria de Ciência, Tecnologia, Inovação e Insumos Estratégicos em Saúde SCTIE/MS",Tramadol,Processo encerrado: decisão de não incorporação no SUS,Tratamento da dor crônica,Incorporação,2021-09-09
Interna,2021-04-26,Medicamento,Ortopedia / Reumatologia,"Secretaria de Ciência, Tecnologia, Inovação e Insumos Estratégicos em Saúde SCTIE/MS",Duloxetina,Processo encerrado: decisão de não incorporação no SUS,Tratamento da dor neuropática e da fibromialgia.,Incorporação,2021-08-04
Interna,2021-04-26,Medicamento,Ortopedia,"Secretaria de Ciência, Tecnologia, Inovação e Insumos Estratégicos em Saúde SCTIE/MS",Lidocaína,Processo encerrado: decisão de não incorporação no SUS,Dor neuropática localizada.,Incorporação,2021-08-04
Interna,2021-04-26,Medicamento,Ortopedia / Reumatologia,"Secretaria de Ciência, Tecnologia, Inovação e Insumos Estratégicos em Saúde SCTIE/MS",Pregabalina,Processo encerrado: decisão de não incorporação no SUS,Tratamento de dor neuropática e fibromialgia.,Incorporação,2021-08-04
Interna,2021-04-27,Medicamento,Ortopedia ,"Secretaria de Ciência, Tecnologia, Inovação e Insumos Estratégicos em Saúde SCTIE/MS","Opióides fortes (fentanila, oxicodona e buprenorfina)",Processo encerrado: decisão de não incorporação no SUS,Tratamento de dor crônica,Incorporação,2021-07-22
Interna,2021-04-29,Medicamento,Ortopedia ,"Secretaria de Ciência, Tecnologia, Inovação e Insumos Estratégicos em Saúde SCTIE/MS",Antiinflamatórios Não esteroides tópicos,Processo encerrado: decisão de não incorporação no SUS,Para dor crônica musculoesquelética ou osteoartrite.,Incorporação,2021-07-22
Interna,2021-04-29,Medicamento,Ortopedia ,"Secretaria de Ciência, Tecnologia, Inovação e Insumos Estratégicos em Saúde SCTIE/MS",Diclofenaco,Processo encerrado: decisão de não incorporação no SUS,Tratamento da dor crônica musculoesquelética.,Incorporação,2021-07-22
Interna,2021-04-29,Medicamento,Infectologia,Gabinete do Ministro de Estado da Saúde  GM/MS,Vacina da Fiocruz [Vacina Covid19 (recombinante) e da Pfizer/Wyeth [Vacina Covid19],Processo encerrado: decisão de incorporação no SUS,Prevenção da Covid19,Incorporação,2021-06-30
Interna,2021-04-29,Procedimento,Infectologia,Gabinete do Ministro de Estado da Saúde  GM/MS,Oxigenação Extracorpórea por Membrana (ECMO),Processo encerrado: decisão de não incorporação no SUS,Para o suporte de pacientes com insuficiência respiratória grave e refratária,Incorporação,2021-06-25
Interna,2021-04-29,Medicamento,Infectologia,Gabinete do Ministro de Estado da Saúde  GM/MS,Casirivimabe + Imdevimabe,Processo encerrado: decisão de não incorporação no SUS,Pacientes de alto risco infectados por SARSCoV2,Incorporação,2021-07-12
Interna,2021-05-18,Medicamento,Infectologia,Gabinete do Ministro de Estado da Saúde  GM/MS,Banlanivimabe e Etesevimabe,Processo encerrado: decisão de não incorporação no SUS,Para pacientes adultos de alto risco infectados por SARSCoV2,Incorporação,2021-08-31
Interna,2021-05-19,Medicamento,Endocrinologia,Secretaria de Atenção Especializada à Saúde  SAES/MS,Tiamazol,Processo encerrado: decisão de incorporação no SUS,Tratamento de hipertireoidismo em crianças e adolescentes,Incorporação,2021-09-27
Interna,2021-05-31,Medicamento,Oncologia,"Secretaria de Ciência, Tecnologia, Inovação e Insumos Estratégicos em Saúde SCTIE/MS",Pembrolizumabe+Axitinibe ou Ipilimumabe+nivolumabe,Processo encerrado: decisão de não incorporação no SUS,Tratamento de primeira linha de câncer de células renais,Incorporação,2021-08-30
Interna,2021-05-31,Medicamento,Oncologia,"Secretaria de Ciência, Tecnologia, Inovação e Insumos Estratégicos em Saúde SCTIE/MS",Cabozantinibe ou Nivolumabe,Processo encerrado: decisão de não incorporação no SUS,Tratamento de segunda linha para pacientes com carcinoma de células renais metastático,Incorporação,2021-09-03
Interna,2021-06-16,Produto,Gastroenterologia ,"Secretaria de Ciência, Tecnologia, Inovação e Insumos Estratégicos em Saúde SCTIE/MS",Sonda Botton,Processo encerrado: decisão de incorporação no SUS,Gastrostomia de crianças e adolescentes,Incorporação,2021-11-10
Interna,2021-06-30,Medicamento,Gastroenterologia,Fundação Oswaldo Cruz (FIOCRUZ)  Instituto de Tecnologia em Imunobiológicos,Golimumabe,Processo encerrado: decisão de não incorporação no SUS,"Tratamento de pacientes adultos com retocolite ulcerativa moderada a grave, com resposta inadequada ou intolerantes às terapias convencionais",Incorporação,2022-03-15
Interna,2021-07-09,Medicamento,Saúde da Mulher,Secretaria de Atenção Primária à Saúde  SAPS/MS,Algestona acetofenida150mg/ml + estradiol 10mg/ml,Processo encerrado: decisão de incorporação no SUS,Mulheres em idade fértil,Incorporação,2022-04-28
Interna,2021-07-09,Medicamento,Saúde da Mulher,Secretaria de Atenção Primária à Saúde  SAPS/MS,Acetato de medroxiprogesterona 25mg/ml + cipionato de estradiol 5mg/ml,Processo encerrado: decisão de incorporação no SUS,Mulheres em idade fértil,Incorporação,2022-04-28
Interna,2021-07-27,Medicamento,Oncologia,"Secretaria de Ciência, Tecnologia, Inovação e Insumos Estratégicos em Saúde SCTIE/MS","Inibidores de ciclina (abemaciclibe, palbociclibe e succinato de ribociclibe)",Processo encerrado: decisão de incorporação no SUS,Tratamento de pacientes adultas com câncer de mama avançado ou metastático com HR+ e HER2,Incorporação,2021-12-07
Interna,2021-08-10,Medicamento,Gastroenterologia,"Secretaria de Ciência, Tecnologia, Inovação e Insumos Estratégicos em Saúde SCTIE/MS","Cloridrato de ranitidina solução injetável 25mg/mL, cloridrato de ranitidina xarope 15mg/mL e cloridrato de ranitidina comprimido 150mg",Processo encerrado: decisão de exclusão do SUS,"Úlcera duodenal e gástrica; doença do refluxo gastroesofágico; síndrome de ZollingerEllison; hipersecreção gástrica; erradicação de Helicobacter pylori, em combinação com antimicrobianos; esofagite erosiva; dispepsia funcional; prevenção de úlcera por estresse.",Exclusão ,2021-12-30
Interna,2021-08-11,Medicamento,Infectologia,"Secretaria de Ciência, Tecnologia, Inovação e Insumos Estratégicos em Saúde SCTIE/MS","Cloridrato de clindamicina cápsula 300mg, fosfato de clindamicina solução injetável 150mg/mL, sulfato de quinina comprimido 500mg e dicloridrato de quinina solução injetável 300mg/mL",Processo encerrado: decisão de exclusão do SUS,Tratamento de pacientes diagnosticados com malária,Exclusão ,2021-12-30
Interna,2021-08-19,Medicamento,Infectologia,"Secretaria de Ciência, Tecnologia, Inovação e Insumos Estratégicos em Saúde SCTIE/MS",Colistimetato sódico,Processo encerrado: decisão de incorporação no SUS,Pacientes com manifestações pulmonares de Fibrose Cística com infecção por Pseudomonas aeruginosa,Incorporação,2022-04-01
Interna,2021-08-19,Procedimento,Infectologia,"Secretaria de Ciência, Tecnologia, Inovação e Insumos Estratégicos em Saúde SCTIE/MS",Teste de elastase pancreática fecal,Processo encerrado: decisão de incorporação no SUS,Pacientes com dúvida diagnóstica de insuficiência pancreática exócrina em pacientes com Fibrose Cística,Incorporação,2022-03-17
Interna,2021-08-19,Medicamento,Pneumologia,"Secretaria de Ciência, Tecnologia, Inovação e Insumos Estratégicos em Saúde SCTIE/MS",Ventilação mecânica Não invasiva domiciliar,Processo encerrado: decisão de incorporação no SUS,Tratamento de pacientes com fibrose cística associada a insuficiência respiratória avançada.,Ampliação de Uso,2022-04-01
Interna,2021-08-20,Procedimento,Infectologia,"Secretaria de Ciência, Tecnologia, Inovação e Insumos Estratégicos em Saúde SCTIE/MS",Dispositivo individual de pressão expiratória positiva do tipo máscara (PEP)/pressão expiratória nas vias aéreas (EPAP),Processo encerrado: decisão de incorporação no SUS,Tratamento da Fibrose Cística,Incorporação,2022-04-01
Interna,2021-08-23,Procedimento,Neurologia,"Secretaria de Ciência, Tecnologia, Inovação e Insumos Estratégicos em Saúde SCTIE/MS",Trombectomia mecânica,Processo encerrado: decisão de incorporação no SUS,Acidente vascular cerebral isquêmico agudo com janela de sintomas maior do que 8h e menor que 24h,Ampliação de Uso,2022-01-03
Interna,2021-08-25,Medicamento,Genética,"Secretaria de Ciência, Tecnologia, Inovação e Insumos Estratégicos em Saúde SCTIE/MS",Alfavelaglicerase 200 UI pó para solução injetável,Processo encerrado: decisão de exclusão do SUS,Tratamento da doença de Gaucher,Exclusão ,2021-12-30
Interna,2021-08-25,Medicamento,Genética,"Secretaria de Ciência, Tecnologia, Inovação e Insumos Estratégicos em Saúde SCTIE/MS",Imiglucerase 200 UI pó para solução injetável,Processo encerrado: decisão de exclusão do SUS,Tratamento da doença de Gaucher,Exclusão ,2021-12-30
Interna,2021-08-25,Medicamento,Reumatologia,"Secretaria de Ciência, Tecnologia, Inovação e Insumos Estratégicos em Saúde SCTIE/MS",Calcitonina 50 UI solução injetável,Processo encerrado: decisão de exclusão do SUS,Tratamento da Doença de Paget,Exclusão ,2021-12-30
Interna,2021-08-25,Medicamento,Ortopedia,"Secretaria de Ciência, Tecnologia, Inovação e Insumos Estratégicos em Saúde SCTIE/MS",Calcitonina 50 UI solução injetável,Processo encerrado: decisão de exclusão do SUS,Tratamento da Osteoporse,Exclusão ,2021-12-30
Interna,2021-08-25,Medicamento,Reumatologia,"Secretaria de Ciência, Tecnologia, Inovação e Insumos Estratégicos em Saúde SCTIE/MS",Calcitonina 100 UI solução injetável,Processo encerrado: decisão de exclusão do SUS,Tratamento da Doença de Paget,Exclusão ,2021-12-30
Interna,2021-08-25,Medicamento,Ortopedia,"Secretaria de Ciência, Tecnologia, Inovação e Insumos Estratégicos em Saúde SCTIE/MS",Calcitonina 100 UI solução injetável,Processo encerrado: decisão de exclusão do SUS,Tratamento da Osteoporse,Exclusão ,2021-12-30
Interna,2021-08-25,Medicamento,Hematologia,"Secretaria de Ciência, Tecnologia, Inovação e Insumos Estratégicos em Saúde SCTIE/MS",Hidroxiureia 500 mg cápsula,Processo encerrado: decisão de não exclusão do SUS,Tratamento da doença falciforme,Exclusão ,2021-12-30
Interna,2021-08-25,Medicamento,Hematologia,"Secretaria de Ciência, Tecnologia, Inovação e Insumos Estratégicos em Saúde SCTIE/MS",Cipionato de hidrocortisona em comprimidos de 10 mg e 20 mg,Processo encerrado: decisão de não exclusão do SUS,Tratamento da hiperplasia adrenal congênita,Exclusão ,2021-12-30
Interna,2021-08-25,Medicamento,Nefrologia,"Secretaria de Ciência, Tecnologia, Inovação e Insumos Estratégicos em Saúde SCTIE/MS","Imunoglobulina humana 3,0 g pó para solução injetável ou solução injetável",Processo encerrado: decisão de exclusão do SUS,Transplante renal,Exclusão ,2021-12-30
Interna,2021-08-25,Medicamento,Hematologia,"Secretaria de Ciência, Tecnologia, Inovação e Insumos Estratégicos em Saúde SCTIE/MS","Imunoglobulina humana 3,0 g pó para solução injetável ou solução injetável",Processo encerrado: decisão de exclusão do SUS,Tratamento da imunodeficiência primária com predominância de defeitos de anticorpos,Exclusão ,2021-12-30
Interna,2021-08-25,Medicamento,Hematologia,"Secretaria de Ciência, Tecnologia, Inovação e Insumos Estratégicos em Saúde SCTIE/MS","Imunoglobulina humana 3,0 g pó para solução injetável ou solução injetável",Processo encerrado: decisão de exclusão do SUS,Tratamento da aplasia pura adquirida crônica da série vermelha,Exclusão ,2021-12-30
Interna,2021-08-25,Medicamento,Imunologia,"Secretaria de Ciência, Tecnologia, Inovação e Insumos Estratégicos em Saúde SCTIE/MS","Imunoglobulina humana 3,0 g pó para solução injetável ou solução injetável",Processo encerrado: decisão de exclusão do SUS,Tratamento da púrpura trombocitopênica idiopática,Exclusão ,2021-12-30
Interna,2021-08-25,Medicamento,Neurologia,"Secretaria de Ciência, Tecnologia, Inovação e Insumos Estratégicos em Saúde SCTIE/MS","Imunoglobulina humana 3,0 g pó para solução injetável ou solução injetável",Processo encerrado: decisão de exclusão do SUS,Tratamento da Miastenia Gravis,Exclusão ,2021-12-30
Interna,2021-08-25,Medicamento,Imunologia,"Secretaria de Ciência, Tecnologia, Inovação e Insumos Estratégicos em Saúde SCTIE/MS","Imunoglobulina humana 3,0 g pó para solução injetável ou solução injetável",Processo encerrado: decisão de exclusão do SUS,Tratamento da síndrome de GuillainBarré,Exclusão ,2021-12-30
Interna,2021-08-25,Medicamento,Reumatologia,"Secretaria de Ciência, Tecnologia, Inovação e Insumos Estratégicos em Saúde SCTIE/MS","Imunoglobulina humana 3,0 g pó para solução injetável ou solução injetável",Processo encerrado: decisão de exclusão do SUS,Tratamento da dermatomiosite e miosite,Exclusão ,2021-12-30
Interna,2021-08-25,Medicamento,Hematologia,"Secretaria de Ciência, Tecnologia, Inovação e Insumos Estratégicos em Saúde SCTIE/MS","Imunoglobulina humana 3,0 g pó para solução injetável ou solução injetável",Processo encerrado: decisão de exclusão do SUS,Tratamento da anemia hemolítica autoimune,Exclusão ,2021-12-30
Interna,2021-08-25,Medicamento,Neurologia,"Secretaria de Ciência, Tecnologia, Inovação e Insumos Estratégicos em Saúde SCTIE/MS",Selegilina cloridrato 10 mg comprimido,Processo encerrado: decisão de exclusão do SUS,Tratamento da doença de Parkinson,Exclusão ,2021-12-30
Interna,2021-08-25,Medicamento,Neurologia,"Secretaria de Ciência, Tecnologia, Inovação e Insumos Estratégicos em Saúde SCTIE/MS",Tolcapona 100 mg comprimido,Processo encerrado: decisão de exclusão do SUS,Tratamento da doença de Parkinson,Exclusão ,2021-12-30
Interna,2021-08-25,Medicamento,Cardiovascular,"Secretaria de Ciência, Tecnologia, Inovação e Insumos Estratégicos em Saúde SCTIE/MS",Ácido nicotínico 250 mg comprimido de liberação prolongada,Processo encerrado: decisão de exclusão do SUS,Tratamento da dislipidemia para prevenção de eventos cardiovasculares e pancreatite,Exclusão ,2021-12-30
Interna,2021-08-25,Medicamento,Cardiovascular,"Secretaria de Ciência, Tecnologia, Inovação e Insumos Estratégicos em Saúde SCTIE/MS",Ácido nicotínico 750 mg comprimido de liberação prolongada,Processo encerrado: decisão de exclusão do SUS,Tratamento da dislipidemia para prevenção de eventos cardiovasculares e pancreatite,Exclusão ,2021-12-30
Interna,2021-08-25,Medicamento,Gastroenterologia,"Secretaria de Ciência, Tecnologia, Inovação e Insumos Estratégicos em Saúde SCTIE/MS",Hidróxido de alumínio 230 mg comprimido,Processo encerrado: decisão de exclusão do SUS,Tratamento de infeções gastrointestinais,Exclusão ,2021-12-30
Interna,2021-08-25,Medicamento,Gastroenterologia,"Secretaria de Ciência, Tecnologia, Inovação e Insumos Estratégicos em Saúde SCTIE/MS",Hidróxido de alumínio 300 mg comprimido,Processo encerrado: decisão de exclusão do SUS,Tratamento de infeções gastrointestinais,Exclusão ,2021-12-30
Interna,2021-08-25,Medicamento,Gastroenterologia,"Secretaria de Ciência, Tecnologia, Inovação e Insumos Estratégicos em Saúde SCTIE/MS","Hidróxido de alumínio 61,5 mg/mL suspensão oral (frasco de 100mL)",Processo encerrado: decisão de exclusão do SUS,Tratamento de infeções gastrointestinais,Exclusão ,2021-12-30
Interna,2021-08-25,Medicamento,Gastroenterologia,"Secretaria de Ciência, Tecnologia, Inovação e Insumos Estratégicos em Saúde SCTIE/MS","Hidróxido de alumínio 61,5 mg/mL suspensão oral (frasco de 150mL)",Processo encerrado: decisão de exclusão do SUS,Tratamento de infeções gastrointestinais,Exclusão ,2021-12-30
Interna,2021-08-25,Medicamento,Gastroenterologia,"Secretaria de Ciência, Tecnologia, Inovação e Insumos Estratégicos em Saúde SCTIE/MS","Hidróxido de alumínio 61,5 mg/mL suspensão oral (frasco de 240mL)",Processo encerrado: decisão de exclusão do SUS,Tratamento de infeções gastrointestinais,Exclusão ,2021-12-30
Interna,2021-08-25,Medicamento,Cardiovascular,"Secretaria de Ciência, Tecnologia, Inovação e Insumos Estratégicos em Saúde SCTIE/MS",Fluvastatina 20 mg cápsula,Processo encerrado: decisão de exclusão do SUS,Tratamento da dislipidemia para prevenção de eventos cardiovasculares e pancreatite,Exclusão ,2021-12-30
Interna,2021-08-25,Medicamento,Cardiovascular,"Secretaria de Ciência, Tecnologia, Inovação e Insumos Estratégicos em Saúde SCTIE/MS",Lovastatina 10 mg comprimido,Processo encerrado: decisão de exclusão do SUS,Tratamento da dislipidemia para prevenção de eventos cardiovasculares e pancreatite,Exclusão ,2021-12-30
Interna,2021-08-25,Medicamento,Cardiovascular,"Secretaria de Ciência, Tecnologia, Inovação e Insumos Estratégicos em Saúde SCTIE/MS",Lovastatina 20 mg comprimido,Processo encerrado: decisão de exclusão do SUS,Tratamento da dislipidemia para prevenção de eventos cardiovasculares e pancreatite,Exclusão ,2021-12-30
Interna,2021-08-25,Medicamento,Cardiovascular,"Secretaria de Ciência, Tecnologia, Inovação e Insumos Estratégicos em Saúde SCTIE/MS",Lovastatina 40 mg comprimido,Processo encerrado: decisão de exclusão do SUS,Tratamento da dislipidemia para prevenção de eventos cardiovasculares e pancreatite,Exclusão ,2021-12-30
Interna,2021-08-25,Medicamento,Gastroenterologia,"Secretaria de Ciência, Tecnologia, Inovação e Insumos Estratégicos em Saúde SCTIE/MS",Mesalazina 30 mg/mL enema retal (frasco com 100 mL),Processo encerrado: decisão de exclusão do SUS,Tratamento da retocolite ulcerativa,Exclusão ,2021-12-30
Interna,2021-08-25,Medicamento,Ortopedia,"Secretaria de Ciência, Tecnologia, Inovação e Insumos Estratégicos em Saúde SCTIE/MS",Pamidronato dissódico 30 mg solução injetável,Processo encerrado: decisão de exclusão do SUS,Tratamento da osteoporose,Exclusão ,2021-12-30
Interna,2021-08-25,Medicamento,Ortopedia,"Secretaria de Ciência, Tecnologia, Inovação e Insumos Estratégicos em Saúde SCTIE/MS",Risedronato sódico 5 mg comprimido,Processo encerrado: decisão de exclusão do SUS,Tratamento da osteoporose,Exclusão ,2021-12-30
Interna,2021-09-08,Procedimento,Imunologia,Secretaria de Atenção Primária à Saúde  SAPS/MS,Teste de Provocação Oral (TPO),Processo encerrado: decisão de incorporação no SUS,Diagnóstico e monitoramento de pacientes até 24 meses com alergia à proteína do leite de vaca (APLV).,Incorporação,2022-04-01
Interna,2021-09-21,Procedimento,Infectologia,Secretaria de Vigilância em Saúde  SVS/MS,Teste de biologia molecular de reação em cadeia polimerase em tempo real (qPCR),Processo encerrado: decisão de incorporação no SUS,"Detecção qualitativa de marcadores específicos do material genético de Mycobacterium leprae para diagnóstico de hanseníase, em amostras de biopsia de pele ou de nervos.",Incorporação,2022-01-03
Interna,2021-09-22,Procedimento,Infectologia,Secretaria de Vigilância em Saúde  SVS/MS,Teste rápido imunocromatográfico,Processo encerrado: decisão de incorporação no SUS,Determinação qualitativa de anticorpos IgM antiMycobacterium leprae para diagnóstico complementar de hanseníase,Incorporação,2022-01-03
Interna,2021-10-18,Procedimento,Infectologia,Secretaria de Vigilância em Saúde  SVS/MS,"Teste qualitativo in vitro, por amplificação de DNA e hibridização reversa
 em fita de nitrocelulose",Processo encerrado: decisão de incorporação no SUS,"Para detecção de Mycobacterium leprae resistente a rifampicina, dapsona ou ofloxacino em pacientes acometidos por hanseníase e com suspeita de resistência a antimicrobianos.",Incorporação,2022-01-03
Interna,2021-10-29,Medicamento,Infectologia,"Secretaria de Ciência, Tecnologia, Inovação e Insumos Estratégicos em Saúde SCTIE/MS",Casirivimabe/Imdevimabe,Processo encerrado: decisão de não incorporação no SUS,Para pacientes infectados por SARSCoV2 Não hospitalizados de alto risco.,Incorporação,2022-01-03
Interna,2021-11-26,Medicamento,Hematologia,"Secretaria de Ciência, Tecnologia, Inovação e Insumos Estratégicos em Saúde SCTIE/MS",Alfaepoetina,Processo encerrado: decisão de incorporação no SUS,Tratamento de pacientes adultos com Síndrome Mielodisplásica de Baixo Risco,Ampliação de Uso,2022-05-20
Interna,2021-11-26,Medicamento,Hematologia,"Secretaria de Ciência, Tecnologia, Inovação e Insumos Estratégicos em Saúde SCTIE/MS",Daratumumabe em monoterapia ou associado à terapia antineoplásica,Processo encerrado: decisão de não incorporação no SUS,Controle do mieloma múltiplo recidivado ou refratário (MMRR),Incorporação,2022-03-14
Interna,2021-11-26,Medicamento,Ortopedia,"Secretaria de Ciência, Tecnologia, Inovação e Insumos Estratégicos em Saúde SCTIE/MS",Hastes telescópicas,Processo encerrado: decisão de não incorporação no SUS,Correção de deformidades e prevenção de fraturas em crianças e adolescentes em fase de crescimento com osteogênese imperfeita,Incorporação,2022-03-25
Interna,2021-11-26,Medicamento,Hematologia,"Secretaria de Ciência, Tecnologia, Inovação e Insumos Estratégicos em Saúde SCTIE/MS",Teste citogenético por Hibridização in Situ por Fluorescência (FISH),Processo encerrado: decisão de incorporação no SUS,Detecção de alterações citogenéticas de alto risco em pacientes com mieloma múltiplo,Ampliação de Uso,2022-03-14
Interna,2021-11-26,Medicamento,Nefrologia,"Secretaria de Ciência, Tecnologia, Inovação e Insumos Estratégicos em Saúde SCTIE/MS",Paricalcitol,Processo encerrado: decisão de incorporação no SUS,Tratamento de pacientes com hiperparatireoidismo secundário (HPTS) à doença renal crônica estágio 5D,Ampliação de Uso,2022-04-14
Interna,2021-11-26,Medicamento,Nefrologia,"Secretaria de Ciência, Tecnologia, Inovação e Insumos Estratégicos em Saúde SCTIE/MS",Cinacalcete,Processo encerrado: decisão de incorporação no SUS,Tratamento de pacientes com hiperparatireoidismo secundário (HPTS) à doença renal crônica estágio 5D,Ampliação de Uso,2022-04-14
Interna,2021-11-26,Medicamento,Hematologia,"Secretaria de Ciência, Tecnologia, Inovação e Insumos Estratégicos em Saúde SCTIE/MS",Lenalidomida,Processo encerrado: decisão de não incorporação no SUS,Terapia de manutenção em pacientes com mieloma múltiplo submetidos ao transplante de célulastronco hematopoiéticas,Incorporação,2022-03-14
Interna,2021-11-26,Medicamento,Nefrologia,"Secretaria de Ciência, Tecnologia, Inovação e Insumos Estratégicos em Saúde SCTIE/MS",Sevelâmer,Processo encerrado: decisão de incorporação no SUS,Tratamento da hiperfosfatemia em pacientes com doença renal crônica estágio 5D,Ampliação de Uso,2022-04-14
Interna,2021-11-26,Medicamento,Hematologia,"Secretaria de Ciência, Tecnologia, Inovação e Insumos Estratégicos em Saúde SCTIE/MS",Lenalidomida,Processo encerrado: decisão de não incorporação no SUS,Pacientes com mieloma múltiplo inelegíveis ao transplante de célulastronco hematopoiéticas,Incorporação,2022-03-14
Interna,2022-01-12,Produto,Infectologia,Secretaria de Vigilância em Saúde  SVS/MS,Teste de liberação interferongama (IGRA),Processo encerrado: decisão de incorporação no SUS,Detecção de infecção latente pelo Mycobacterium tuberculosis em pacientes com doenças inflamatórias imunomediadas ou receptores de transplantes de órgãos sólidos,Ampliação de Uso,2022-12-08
Interna,2022-01-20,Medicamento,Ortopedia,"Secretaria de Ciência, Tecnologia, Inovação e Insumos Estratégicos em Saúde SCTIE/MS",Ácido zoledrônico,Processo encerrado: decisão de incorporação no SUS,Pacientes com osteoporose com intolerância ou dificuldades de deglutição dos bisfosfonatos orais,Incorporação,2022-07-21
Interna,2022-01-20,Medicamento,Ortopedia,"Secretaria de Ciência, Tecnologia, Inovação e Insumos Estratégicos em Saúde SCTIE/MS",Denosumabe,Processo encerrado: decisão de não incorporação no SUS,Tratamento indivíduos com osteoporose grave e falha terapêutica aos medicamentos já disponíveis,Incorporação,2022-07-21
Interna,2022-01-20,Medicamento,Ortopedia,"Secretaria de Ciência, Tecnologia, Inovação e Insumos Estratégicos em Saúde SCTIE/MS",Teriparatida,Processo encerrado: decisão de incorporação no SUS,Tratamento indivíduos com osteoporose grave e falha terapêutica aos medicamentos já disponíveis,Incorporação,2022-07-21
Interna,2022-01-20,Medicamento,Cardiovascular,"Secretaria de Ciência, Tecnologia, Inovação e Insumos Estratégicos em Saúde SCTIE/MS","Sildenafila e Ambrisentana em uso associado (bosentana, iloprosta, selexipague)",Processo encerrado: decisão de incorporação no SUS,Tratamento de pacientes com hipertensão arterial pulmonar,Incorporação,2022-06-03
Interna,2022-01-27,Medicamento,Ortopedia,"Secretaria de Ciência, Tecnologia, Inovação e Insumos Estratégicos em Saúde SCTIE/MS",Denosumabe,Processo encerrado: decisão de não incorporação no SUS,Tratamento de osteoporose e doença renal crônica em estágio 4 e 5,Incorporação,2022-07-11
Interna,2022-02-03,Medicamento,Oncologia,Instituto Nacional de Câncer  INCA,"Anticorpos monoclonais (bevacizumabe, cetuximabe,
 panitumumabe) associados à quimioterapia",Processo encerrado: decisão de não incorporação no SUS,Tratamento de primeira linha do câncer colorretal metastático,Incorporação,2022-07-20
Interna,2022-02-24,Medicamento,Hematologia,"Secretaria de Ciência, Tecnologia, Inovação e Insumos Estratégicos em Saúde SCTIE/MS",Eltrombopague,Processo encerrado: decisão de incorporação no SUS,Tratamento adicional a imunossupressor em pacientes adultos com anemia aplástica grave,Ampliação de Uso,2022-06-03
Interna,2022-03-24,Medicamento,Ginecologia,Secretaria de Vigilância em Saúde  SVS/MS,Anidulafungina,Processo encerrado: decisão de incorporação no SUS,Tratamento de candidíase invasiva,Incorporação,2022-07-28
Interna,2022-03-24,Medicamento,Infectologia,Secretaria de Vigilância em Saúde  SVS/MS,Voriconazol,Processo encerrado: decisão de incorporação no SUS,Tratamento de pacientes com aspergilose invasiva,Incorporação,2022-07-28
Interna,2022-04-04,Medicamento,Infectologia,Secretaria Executiva  SE/MS,Nirmatrelvir/ritonavir,Processo encerrado: decisão de incorporação no SUS,Tratamento da Covid19 em adultos que Não requerem oxigênio suplementar e que apresentam risco aumentado de progressão para Covid19 grave,Incorporação,2022-05-06
Interna,2022-04-05,Medicamento,Infectologia,Secretaria de Vigilância em Saúde  SVS/MS,Anfotericina B Lipossomal,Processo encerrado: decisão de incorporação no SUS,"Pessoas diagnosticadas com mucormicose na
 forma rinoórbitocerebral.",Ampliação de Uso,2022-07-14
Interna,2022-04-05,Medicamento,Infectologia,Secretaria de Vigilância em Saúde  SVS/MS,Isavuconazol,Processo encerrado: decisão de incorporação no SUS,Tratamento de pessoas diagnosticadas com todas as formas de Mucormicose,Incorporação,2022-07-28
Interna,2022-04-11,Medicamento,Infectologia,Secretaria Executiva  SE/MS,Cilgavimabe + tixagevimabe,Processo encerrado: decisão de não incorporação no SUS,"Profilaxia antes da exposição à Covid19, em indivíduos adultos e pediátricos (com 12 anos de idade ou mais, pesando pelo menos 40 kg)​.",Incorporação,2022-09-29
Interna,2022-04-11,Medicamento,Infectologia,Secretaria Executiva  SE/MS,Vacina Covid19 (recombinanteJanssen),Processo encerrado: a pedido do demandante,Para imunização ativa para prevenir a Covid19 causada por SARSCoV2 em pessoas com 18 anos de idade ou mais,Incorporação,
Interna,2022-04-11,Procedimento,Imunologia,Secretaria de Atenção Especializada à Saúde  SAES/MS,Triagem neonatal por espectrometria de massas em tandem (MS/MS),Processo encerrado: decisão de incorporação no SUS,Para detecção da doença deficiência de acilCoA desidrogenase de cadeia média MCADD,Incorporação,2022-12-28
Interna,2022-04-14,Medicamento,Infectologia,Gabinete do Ministro de Estado da Saúde  GM/MS,Tocilizumabe,Processo encerrado: decisão de incorporação no SUS,Tratamento de pacientes adultos com Covid19 hospitalizados.,Incorporação,2022-09-12
Interna,2022-05-04,Medicamento,Endocrinologia,Secretaria de Atenção Especializada à Saúde  SAES/MS,Hemina,Processo encerrado: decisão de não incorporação no SUS,Tratamento de mulheres com ataques de porfiria aguda intermitente relacionados com o ciclo menstrual.,Incorporação,2022-09-27
Interna,2022-05-16,Medicamento,Infectologia,Secretaria Executiva  SE/MS,Molnupiravir,Processo encerrado: decisão de não incorporação no SUS,Tratamento da Covid19 em adultos que Não requerem oxigênio suplementar e que apresentam risco aumentado de progressão da doença para casos graves e cujas opções alternativas de tratamento de Covid19,Incorporação,2022-09-12
Interna,2022-06-27,Procedimento,Neurologia,"Secretaria de Ciência, Tecnologia, Inovação e Insumos Estratégicos em Saúde SCTIE/MS",Estimulação cerebral profunda,Processo encerrado: decisão de incorporação no SUS,Tratamento da distonia primária generalizada e distonia cervical,Incorporação,2022-10-07
Interna,2022-06-30,Medicamento,Endocrinologia,"Secretaria de Ciência, Tecnologia, Inovação e Insumos Estratégicos em Saúde SCTIE/MS",Insulina análoga de ação prolongada,Processo encerrado: decisão de incorporação no SUS,"Tratamento de diabetes mellitus tipo I, condicionada ao custo de tratamento igual ou inferior ao da insulina NPH na apresentação de tubete com sistema aplicador e mediante protocolo estabelecido pelo Ministério da Saúde, no âmbito do Sistema Único de Saúde SUS",Alteração,2022-12-06
Interna,2022-07-07,Medicamento,Dermatologia,"Secretaria de Ciência, Tecnologia, Inovação e Insumos Estratégicos em Saúde SCTIE/MS",Omalizumabe 150mg/ml solução injetável em seringa preenchida (PFS),Processo encerrado: decisão de incorporação no SUS,Tratamento da asma alérgica grave Não controlada apesar do uso de corticoide inalatório (CI) associado a um beta2agonista de longa ação (LABA).,Incorporação,2022-11-11
Interna,2022-07-26,Medicamento,Hematologia,"Secretaria de Ciência, Tecnologia, Inovação e Insumos Estratégicos em Saúde SCTIE/MS",Dosagem de cloreto no suor,Processo encerrado: decisão de incorporação no SUS,Tratamento de pacientes com fibrose cística a partir de seis anos,Ampliação de Uso,2022-11-12
Interna,2022-08-02,Medicamento,Infectologia,Secretaria de Vigilância em Saúde e Ambiente  SVSA/MS,Darunavir 800mg,Processo encerrado: decisão de incorporação no SUS,Tratamento do vírus da imunodeficiência humana (HIV),Incorporação,2023-07-05
Interna,2022-09-12,Procedimento,Neonatologia,Secretaria de Atenção Especializada à Saúde  SAES/MS,Espectrometria de massas em tandem,Processo encerrado: decisão de incorporação no SUS,"Triagem neonatal em sangue seco, colhido em papelfiltro, para a doença Homocistinúria Clássica",Incorporação,2023-05-11
Interna,2022-09-26,Medicamento,Hematologia,"Secretaria de Ciência, Tecnologia, Inovação e Insumos Estratégicos em Saúde SCTIE/MS",Ferripolimaltose,Processo encerrado: decisão de incorporação no SUS,Tratamento de pacientes com anemia por deficiência de ferro e intolerância ao sulfato ferroso,Incorporação,2023-05-11
Interna,2022-09-26,Medicamento,Hematologia,"Secretaria de Ciência, Tecnologia, Inovação e Insumos Estratégicos em Saúde SCTIE/MS",Carboximaltose férrica,Processo encerrado: decisão de incorporação no SUS,Tratamento de pacientes adultos com anemia por deficiência de ferro e intolerância ou contraindicação aos sais orais de ferro,Incorporação,2023-05-11
Interna,2022-09-29,Procedimento,Imunologia,"Secretaria de Ciência, Tecnologia, Inovação e Insumos Estratégicos em Saúde SCTIE/MS",Teste antigliadina deaminada IgG,Processo encerrado: decisão de incorporação no SUS,Diagnóstico de doença celíaca em pacientes com deficiência de IgA e suspeita de doença celíaca e crianças menores de dois anos.,Incorporação,2023-04-18
Interna,2022-09-29,Procedimento,Imunologia,"Secretaria de Ciência, Tecnologia, Inovação e Insumos Estratégicos em Saúde SCTIE/MS",Teste de genotipagem HLADQ2 e DQ8,Processo encerrado: decisão de não incorporação no SUS,Diagnóstico de doença celíaca em pacientes com fatores de risco,Incorporação,2023-04-28
Interna,2022-10-18,Medicamento,Infectologia,Secretaria de Vigilância em Saúde e Ambiente  SVSA/MS,Vacina Covid19,Processo encerrado: decisão de incorporação no SUS,Imunização ativa de indivíduos na faixa etária de 6 meses a 5 anos incompletos para a prevenção da Covid19,Incorporação,2022-12-29
Interna,2022-10-27,Medicamento,Cardiologia,"Secretaria de Ciência, Tecnologia, Inovação e Insumos Estratégicos em Saúde SCTIE/MS",Losartana associada a hidroclorotiazida,Processo encerrado: decisão de não incorporação no SUS,Tratamento de adultos com hipertensão arterial sistêmica e controle inadequado da pressão arterial,Incorporação,2023-06-30
Interna,2022-10-27,Medicamento,Cardiologia,"Secretaria de Ciência, Tecnologia, Inovação e Insumos Estratégicos em Saúde SCTIE/MS",Benazepril,Processo encerrado: decisão de não incorporação no SUS,Tratamento de adultos com hipertensão arterial sistêmica com controle inadequado da pressão arterial,Incorporação,2023-06-30
Interna,2022-10-27,Medicamento,Cardiologia,"Secretaria de Ciência, Tecnologia, Inovação e Insumos Estratégicos em Saúde SCTIE/MS",Benazepril associado a anlodipino,Processo encerrado: decisão de não incorporação no SUS,Tratamento de adultos com hipertensão arterial sistêmica com controle inadequado da pressão arterial,Incorporação,2023-06-30
Interna,2022-10-27,Medicamento,Cardiologia,"Secretaria de Ciência, Tecnologia, Inovação e Insumos Estratégicos em Saúde SCTIE/MS",Clortalidona,Processo encerrado: decisão de não incorporação no SUS,Tratamento de adultos com hipertensão arterial sistêmica e controle inadequado com monoterapia,Incorporação,2023-06-30
Interna,2022-10-31,Procedimento,Cardiologia,"Secretaria de Ciência, Tecnologia, Inovação e Insumos Estratégicos em Saúde SCTIE/MS",Monitorização residencial da pressão arterial,Processo encerrado: decisão de incorporação no SUS,Para diagnóstico de hipertensão arterial sistêmica em adultos com suspeita da doença,Incorporação,2023-05-11
Interna,2022-10-31,Procedimento,Cardiologia,"Secretaria de Ciência, Tecnologia, Inovação e Insumos Estratégicos em Saúde SCTIE/MS",Monitorização residencial da pressão arterial,Processo encerrado: decisão de não incorporação no SUS,"Tratamento de adultos com hipertensão arterial sistêmica em tratamento medicamentoso, independentemente da pressão arterial de consultório",Incorporação,2023-04-28
Interna,2022-11-22,Procedimento,Cardiologia,"Secretaria de Ciência, Tecnologia, Inovação e Insumos Estratégicos em Saúde SCTIE/MS",Dosagem de peptídeos natriuréticos tipo B (BNP e NTProBNP),Processo encerrado: decisão de incorporação no SUS,Diagnóstico da Insuficiência Cardíaca em pacientes de 18 a 44 anos,Incorporação,2023-05-11
Interna,2022-12-06,Medicamento,Infectologia,Secretaria de Vigilância em Saúde e Ambiente  SVSA/MS,Pretomanida,Processo encerrado: decisão de incorporação no SUS,Tratamento de formas de tuberculose resistentes a medicamentos,Incorporação,2023-09-22
Interna,2022-12-07,Medicamento,Oncologia,Instituto Nacional de Câncer  INCA,Rituximabe associado à quimioterapia com fludarabina e ciclofosfamida,Processo encerrado: decisão de incorporação no SUS,Tratamento de primeira linha da leucemia linfocítica crônica.,Incorporação,2023-07-25
Interna,2022-12-16,Medicamento,Infectologia,Secretaria de Vigilância em Saúde e Ambiente  SVSA/MS,Tafenoquina e teste quantitativo da atividade da enzima glicose6fosfato desidrogenase (G6PD),Processo encerrado: decisão de incorporação no SUS,"Tratamento de
 pacientes com malária por Plasmodium vivax",Incorporação,2023-06-06
Interna,2022-12-27,Medicamento,Ortopedia,"Secretaria de Ciência, Tecnologia e Inovação e do Complexo Econômico-Industrial da Saúde SECTICS/MS ",Hidróxido de Alumínio 60 mg/mL suspensão oral,Processo encerrado: decisão de incorporação no SUS,"Tratamento de gastrite, úlceras gástricas e duodenais e esofagite de refluxo",Incorporação,2023-07-25
Interna,2023-01-12,Medicamento,Infectologia,Secretaria de Vigilância em Saúde e Ambiente  SVSA/MS,Dolutegravir 5 mg,Processo encerrado: decisão de incorporação no SUS,Tratamento da infecção pelo HIV em crianças.,Incorporação,2023-07-05
Interna,2023-01-12,Medicamento,Infectologia,Secretaria de Vigilância em Saúde e Ambiente  SVSA/MS,Raltegravir granulado,Processo encerrado: decisão de incorporação no SUS,Profilaxia da transmissão vertical do HIV em crianças expostas ao HIV.,Incorporação,2023-07-05
Interna,2023-05-17,Medicamento,Oncologia,"Secretaria de Ciência, Tecnologia e Inovação e do Complexo Econômico-Industrial da Saúde SECTICS/MS ",Alectinibe,Processo encerrado: decisão de não incorporação no SUS,Tratamento do câncer de pulmão de células não pequenas localmente avançado ou metastático cujos tumores expressam rearranjo no gene ALK em pacientes não tratados previamente ou após falha com crizotinibe,Incorporação,2023-11-13
Interna,2023-05-17,Medicamento,Oncologia,"Secretaria de Ciência, Tecnologia e Inovação e do Complexo Econômico-Industrial da Saúde SECTICS/MS ",Pembrolizumabe,Processo encerrado: decisão de não incorporação no SUS,Tratamento de primeira linha para câncer de pulmão não pequenas células avançado ou metastático.,Incorporação,2023-12-22
Interna,2023-05-22,Procedimento,Oncologia," Secretaria de Ciência, Tecnologia, Inovação e Complexo da Saúde  SECTICS/MS",Tomografia computadorizada por emissão de pósitrons,Processo encerrado: decisão de incorporação no SUS,Tratamento de pacientes com câncer de pulmão de células pequenas,Incorporação,2023-11-23
Interna,2023-05-22,Procedimento,Oncologia," Secretaria de Ciência, Tecnologia, Inovação e Complexo da Saúde  SECTICS/MS","Ecobroncoscopia e ecoendoscopia em uso combinado, ou ecobroncoscopia em uso isolado",Processo encerrado: decisão de incorporação no SUS,Tratamento de pacientes diagnosticados com câncer de pulmão,Incorporação,2024-04-22
Interna,2023-05-22,Procedimento,Oncologia," Secretaria de Ciência, Tecnologia, Inovação e Complexo da Saúde  SECTICS/MS",rt-PCR para identificação de mutação do receptor do fator de crescimento epidérmico (EGFR),Processo encerrado: decisão de incorporação no SUS,Tratamento de pacientes com câncer de pulmão de células Não pequenas.,Incorporação,2024-03-07
Interna,2023-06-12,Medicamento,Pneumologia," Secretaria de Ciência, Tecnologia, Inovação e Complexo da Saúde  SECTICS/MS",Omalizumabe 75 mg solução injetável,Processo encerrado: por decisão da Conitec,Tratamento de pacientes com para tratamento da asma alérgica grave Não controlada apesar do uso de corticoide inalatório (CI) associado a um beta2 agonista de longa ação (LABA),Incorporação,
Interna,2023-06-12,Medicamento,Pneumologia," Secretaria de Ciência, Tecnologia, Inovação e Complexo da Saúde  SECTICS/MS",Mepolizumabe 100 mg/mL solução injetável,Processo encerrado: decisão de incorporação no SUS,Tratamento de pacientes com asma eosinofílica grave refratária entre 6 e 17 anos de idade,Ampliação de Uso,2024-04-22
Interna,2023-06-16,Medicamento,Oncologia,Secretaria de Atenção Especializada à Saúde  SAES/MS,Acetato de Octreotida,Processo encerrado: decisão de não incorporação no SUS,Tratamento de pacientes com sintomas associados à tumores endócrinos gastroenteropancreáticos funcionais (Tumores carcinoides com características da síndrome carcinoide),Incorporação,2024-03-07
Interna,2023-06-16,Medicamento,Oncologia,Secretaria de Atenção Especializada à Saúde  SAES/MS,Acetato de lanreotida,Processo encerrado: decisão de incorporação no SUS,Tratamento de pacientes com sintomas associados a tumores endócrinos gastroenteropancreáticos funcionais,Incorporação,2024-03-07
Interna,2023-06-22,Medicamento,Infectologia,Secretaria de Vigilância em Saúde e Ambiente  SVSA/MS,Valganciclovir 450mg,Processo encerrado: decisão de incorporação no SUS,Tratamento de infecções pelo citomegalovírus (CMV) em pacientes imunossuprimidos pelo HIV,Incorporação,2024-09-06
Interna,2023-06-22,Medicamento,Infectologia,Secretaria de Vigilância em Saúde e Ambiente  SVSA/MS,Fostensavir trometamol 600mg,Processo encerrado: decisão de incorporação no SUS,Tratamento de indivíduos adultos vivendo com HIV multirresistente aos antirretrovirais.,Incorporação,2024-04-22
Interna,2023-06-22,Medicamento,Infectologia,Secretaria de Vigilância em Saúde e Ambiente  SVSA/MS,Ganciclovir injetável,Processo encerrado: decisão de incorporação no SUS,Tratamento de infecções pelo citomegalovírus (CMV) em pacientes pediátricos e adultos imunossuprimidos pelo HIV,Incorporação,2024-09-06
Interna,2023-07-11,Procedimento,Infectologia,Secretaria de Vigilância em Saúde e Ambiente  SVSA/MS,Exame para detecção prénatal,Processo encerrado: decisão de incorporação no SUS,Diagnóstico de HTLV 12 em gestantes no prénatal.,Ampliação de Uso,2024-04-03
Interna,2023-07-17,Medicamento,Oncologia," Secretaria de Ciência, Tecnologia, Inovação e Complexo da Saúde  SECTICS/MS",Pembrolizumabe,Processo encerrado: decisão de não incorporação no SUS,"Tratamento de adultos com câncer de cólon ou reto metastático com alta instabilidade de microssatélites e deficiência em enzimas de reparo, em primeira linha de tratamento",Incorporação,2023-12-29
Interna,2023-07-17,Medicamento,Vascular," Secretaria de Ciência, Tecnologia, Inovação e Complexo da Saúde  SECTICS/MS",Inibidor de C1 esterase derivado do plasma humano,Processo encerrado: decisão de incorporação no SUS,Tratamento de crises de angioedema hereditário em pacientes com 2 anos ou mais.,Incorporação,2023-12-22
Interna,2023-07-17,Medicamento,Vascular," Secretaria de Ciência, Tecnologia, Inovação e Complexo da Saúde  SECTICS/MS",Acetato de icatibanto,Processo encerrado: decisão de incorporação no SUS,Tratamento de crises de angioedema hereditário por deficiência do inibidor da C1esterase em pacientes com 2 anos ou mais de idade,Incorporação,2023-12-22
Interna,2023-07-27,Medicamento,Vascular," Secretaria de Ciência, Tecnologia, Inovação e Complexo da Saúde  SECTICS/MS",Inibidor da C1 esterase derivado de plasma via subcutânea,Processo encerrado: decisão de não incorporação no SUS,Tratamento da profilaxia de crises de angioedema hereditário,Incorporação,2023-12-22
Interna,2023-10-02,Procedimento,Oncologia,"Secretaria de Ciência, Tecnologia e Inovação e do Complexo Econômico-Industrial da Saúde SECTICS/MS ",Ablação térmica,Processo encerrado: decisão de incorporação no SUS,Tratamento da metástase hepática irressecável ou ressecável com alto risco cirúrgico do câncer de cólon e reto,Ampliação de Uso,2024-03-07
Interna,2023-10-03,Medicamento,Infectologia,Secretaria Executiva  SE/MS,Nirmatrelvir/ritonavir,Processo encerrado: decisão de incorporação no SUS,Tratamento da Covid19 em adultos que Não requerem oxigênio suplementar e que apresentam risco aumentado de progressão para Covid19 grave,Reavaliação,2024-03-07
Interna,2023-10-19,Medicamento,Hematologia,"Secretaria de Ciência, Tecnologia e Inovação e do Complexo Econômico-Industrial da Saúde SECTICS/MS ",Alfaepoetina,Processo encerrado: decisão de incorporação no SUS,Tratamento de pacientes com doença falciforme apresentando declínio da função renal e piora dos niveis de hemoblogina.,Ampliação de Uso,2024-04-05
Interna,2023-10-19,Medicamento,Hematologia,"Secretaria de Ciência, Tecnologia e Inovação e do Complexo Econômico-Industrial da Saúde SECTICS/MS ",Hidroxiureia,Processo encerrado: decisão de incorporação no SUS,"Tratamento de pacientes com doença falciforme (SS, Sbeta0 e SD Punjab), entre 9 e 24 meses de idade, sem sintomas e complicações",Incorporação,2024-03-07
Interna,2023-10-19,Medicamento,Hematologia,"Secretaria de Ciência, Tecnologia e Inovação e do Complexo Econômico-Industrial da Saúde SECTICS/MS ",Hidroxiureia 100 mg,Processo encerrado: decisão de incorporação no SUS,Tratamento de pacientes com doença falciforme com pelo menos 9 meses de idade,Incorporação,2024-03-07
Interna,2023-10-19,Medicamento,Hematologia,"Secretaria de Ciência, Tecnologia e Inovação e do Complexo Econômico-Industrial da Saúde SECTICS/MS ",Hidroxiureia 1000 mg,Processo encerrado: decisão de não incorporação no SUS,Tratamento de pacientes com doença falciforme com pelo menos 9 meses de idade,Incorporação,2024-03-07
Interna,2023-10-23,Procedimento,Gastroenterologia ,"Secretaria de Ciência, Tecnologia e Inovação e do Complexo Econômico-Industrial da Saúde SECTICS/MS ",Calprotectina fecal (CF),Processo encerrado: decisão de incorporação no SUS,Monitoramento de pacientes com doença de Crohn envolvendo o cólon,Incorporação,2024-04-22
Interna,2023-10-24,Procedimento,Hematologia,"Secretaria de Ciência, Tecnologia e Inovação e do Complexo Econômico-Industrial da Saúde SECTICS/MS ",Dosagem de porfobilinogênio urinário,Processo encerrado: decisão de incorporação no SUS,Confirmação diagnóstica ou prognóstico de porfirias hepáticas agudas.,Incorporação,2024-04-22
Interna,2023-11-20,Procedimento,Oncologia,Secretaria de Atenção Especializada à Saúde  SAES/MS,Testagem molecular,Processo encerrado: decisão de incorporação no SUS,Detecção de HPV e rastreamento do câncer do colo do útero,Incorporação,2024-03-08
Interna,2023-11-28,Medicamento,Neurologia,"Secretaria de Ciência, Tecnologia e Inovação e do Complexo Econômico-Industrial da Saúde SECTICS/MS ",Rivastigmina,Processo encerrado: decisão de incorporação no SUS,Tratamento de indivíduos com doença de Parkinson e demência,Incorporação,2024-06-21
Interna,2023-11-28,Medicamento,Reumatologia,"Secretaria de Ciência, Tecnologia e Inovação e do Complexo Econômico-Industrial da Saúde SECTICS/MS ",Ixequizumabe,Processo encerrado: decisão de não incorporação no SUS,Tratamento de adultos com espondiloartrite axial radiográfica e não radiográfica que não responderam à terapia convencional antiinflamatórios não esteroides,Incorporação,2024-08-23
Interna,2023-11-28,Procedimento,Reumatologia,"Secretaria de Ciência, Tecnologia e Inovação e do Complexo Econômico-Industrial da Saúde SECTICS/MS ",Teste de detecção de HLAB27,Processo encerrado: decisão de incorporação no SUS,Tratamento de indivíduos com suspeita de espondiloartrite axial,Incorporação,2024-04-22
Interna,2023-12-08,Medicamento,Oncologia,Instituto Nacional de Câncer  INCA,Olaparibe,Processo encerrado: decisão de incorporação no SUS,Tratamento de manutenção de câncer de ovário avançado recém diagnósticado com mutação BRCA,Incorporação,2024-10-07
Interna,2024-02-09,Medicamento,Reumatologia,"Secretaria de Ciência, Tecnologia e Inovação e do Complexo Econômico-Industrial da Saúde SECTICS/MS ",Teriparatida,Processo encerrado: decisão de exclusão do SUS,"Tratamento de osteoporose secundária a glicocorticoides, pacientes do sexo masculino e pacientes que apresentaram infarto do miocárdio ou acidente vascular cerebral no ano anterior.",Reavaliação,2024-09-20
Interna,2024-02-22,Medicamento,Endocrinologia,"Secretaria de Ciência, Tecnologia e Inovação e do Complexo Econômico-Industrial da Saúde SECTICS/MS ",Pamoato de Pasireotida,Processo encerrado: decisão de incorporação no SUS,Tratamento de adolescentes e adultos com tumor após cirurgia e sem resposta a análogos da somatostatina de primeira geração,Incorporação,2024-06-21
Interna,2024-02-22,Medicamento,Endocrinologia,"Secretaria de Ciência, Tecnologia e Inovação e do Complexo Econômico-Industrial da Saúde SECTICS/MS ",Pegvisomanto,Processo encerrado: decisão de não incorporação no SUS,Tratamento de pacientes com acromegalia,Incorporação,2024-06-17
Interna,2024-02-22,Medicamento,Hematologia,"Secretaria de Ciência, Tecnologia e Inovação e do Complexo Econômico-Industrial da Saúde SECTICS/MS ",Lenalidomida em combinação com rituximabe,Processo encerrado: decisão de incorporação no SUS,Tratamento de pacientes com linfoma folicular previamente tratados,Incorporação,2024-06-28
Interna,2024-02-22,Medicamento,Oncologia,"Secretaria de Ciência, Tecnologia e Inovação e do Complexo Econômico-Industrial da Saúde SECTICS/MS ",Rituximabe,Processo encerrado: decisão de não incorporação no SUS,"Monoterapia para pacientes com linfoma folicular assintomático, independentemente do estádio inicial",Incorporação,2024-07-25
Interna,2024-02-23,Medicamento,Infectologia,"Secretaria de Ciência, Tecnologia e Inovação e do Complexo Econômico-Industrial da Saúde SECTICS/MS ",Sulfato de gentamicina combinado à doxiciclina,Processo encerrado: decisão de incorporação no SUS,Tratamento da Brucelose Humana,Incorporação,2024-06-21
Interna,2024-04-01,Medicamento,Oncologia,"Secretaria de Ciência, Tecnologia e Inovação e do Complexo Econômico-Industrial da Saúde SECTICS/MS ",Abiraterona associada à terapia de privação androgênica,Processo encerrado: decisão de incorporação no SUS,"Tratamento de indivíduos com câncer de próstata resistente à castração, metastático e virgens de quimioterapia",Incorporação,2024-08-23
Interna,2024-04-01,Medicamento,Oncologia,"Secretaria de Ciência, Tecnologia e Inovação e do Complexo Econômico-Industrial da Saúde SECTICS/MS ","Apalutamida, darolutamida e enzalutamida",Processo encerrado: decisão de não incorporação no SUS,Tratamento de pacientes com câncer de próstata resistente à castração não metastático; e a enzalutamida associada à TPA para pacientes com câncer de próstata resistente à castração metastático com uso prévio de docetaxel,Incorporação,2024-08-23
Interna,2024-04-01,Medicamento,Oncologia,"Secretaria de Ciência, Tecnologia e Inovação e do Complexo Econômico-Industrial da Saúde SECTICS/MS ",Abiraterona em monoterapia ou associada ao docetaxel,Processo encerrado: decisão de incorporação no SUS,Tratamento de pacientes com câncer de próstata sensível à castração e metastático,Incorporação,2024-08-23
Interna,2024-04-01,Medicamento,Oncologia,"Secretaria de Ciência, Tecnologia e Inovação e do Complexo Econômico-Industrial da Saúde SECTICS/MS ","Apalutamida, darolutamida e enzalutamida",Processo encerrado: decisão de não incorporação no SUS,Tratamento de pacientes com câncer de próstata sensível à castração e metastático,Incorporação,2024-08-23
Interna,2024-04-01,Medicamento,Reumatologia,"Secretaria de Ciência, Tecnologia e Inovação e do Complexo Econômico-Industrial da Saúde SECTICS/MS ",Ixequizumabe,Processo encerrado: decisão de não incorporação no SUS,Tratamento de adultos com espondiloartrite axial com resposta prévia inadequada ou intolerância aos inibidores do fator de necrose tumoral,Incorporação,2024-08-23
Interna,2024-04-17,Medicamento,Dermatologia,"Secretaria de Ciência, Tecnologia e Inovação e do Complexo Econômico-Industrial da Saúde SECTICS/MS ",Dupilumabe e upadacitinibe,Processo encerrado: decisão de incorporação no SUS,Tratamento da dermatite atópica grave em crianças (a partir de 6 anos) e dermatite atópica moderada a grave em adolescentes (a partir de 12 anos),Incorporação,2024-10-04
Interna,2024-04-17,Medicamento,Dermatologia,"Secretaria de Ciência, Tecnologia e Inovação e do Complexo Econômico-Industrial da Saúde SECTICS/MS ","Abrocitinibe, baricitinibe, dupilumabe e upadacitinibe",Processo encerrado: decisão de não incorporação no SUS,Tratamento de dermatite atópica moderada a grave em adultos,Incorporação,2024-10-29
Interna,2024-04-17,Medicamento,Oncologia,"Secretaria de Ciência, Tecnologia e Inovação e do Complexo Econômico-Industrial da Saúde SECTICS/MS ",Nivolumabe,Processo encerrado: decisão de não incorporação no SUS,"Tratamento de adultos com carcinoma espinocelular de cabeça e pescoço recidivado ou metastático após quimioterapia à base de platina (i.e., segunda linha de tratamento da doença recidivada ou metastática)",Incorporação,2024-09-06
Interna,2024-04-17,Medicamento,Oncologia,"Secretaria de Ciência, Tecnologia e Inovação e do Complexo Econômico-Industrial da Saúde SECTICS/MS ",Regimes de tratamento com cetuximabe ou pembrolizumabe,Processo encerrado: decisão de não incorporação no SUS,Tratamento do carcinoma espinocelular de cabeça e pescoço recidivado ou metastático,Incorporação,2024-09-20
Interna,2024-04-25,Medicamento,Oncologia,"Secretaria de Ciência, Tecnologia e Inovação e do Complexo Econômico-Industrial da Saúde SECTICS/MS ",TSH recombinante,Processo encerrado: decisão de incorporação no SUS,Tratamento de pacientes com diagnóstico de carcinoma diferenciado de tireoide com indicação de iodo radioativo e contraindicação à indução de hipotireoidismo endógeno ou incapacidade de produção do TSH endógeno,Incorporação,2024-10-07
Interna,2024-04-25,Medicamento,Oncologia,"Secretaria de Ciência, Tecnologia e Inovação e do Complexo Econômico-Industrial da Saúde SECTICS/MS ",Sorafenibe e lenvatinibe,Processo encerrado: decisão de não incorporação no SUS,"Tratamento de indivíduos com diagnóstico de carcinoma diferenciado da tireoide localmente avançado e/ou metastático, refratário ao iodo, progressivo",Incorporação,2024-09-20
Interna,2024-06-10,Medicamento,Dermatologia,"Secretaria de Ciência, Tecnologia e Inovação e do Complexo Econômico-Industrial da Saúde SECTICS/MS ","Furoato de mometasona 0,1%",Processo encerrado: decisão de incorporação no SUS,Tratamento de pacientes com dermatite atópica,Incorporação,2025-05-27
Interna,2024-06-10,Medicamento,Dermatologia,"Secretaria de Ciência, Tecnologia e Inovação e do Complexo Econômico-Industrial da Saúde SECTICS/MS ","Tacrolimo tópico 0,3mg/g e 1mg/g",Processo encerrado: decisão de incorporação no SUS,Tratamento de pacientes com dermatite atópica,Incorporação,2025-05-27
Interna,2024-06-17,Medicamento,Neurologia,"Secretaria de Ciência, Tecnologia e Inovação e do Complexo Econômico-Industrial da Saúde SECTICS/MS ",Donepezila,Processo encerrado: decisão de incorporação no SUS,Tratamento de pacientes com doença de Alzheimer grave,Ampliação de Uso,2025-05-15
Interna,2024-06-17,Medicamento,Neurologia,"Secretaria de Ciência, Tecnologia e Inovação e do Complexo Econômico-Industrial da Saúde SECTICS/MS ",Cloridrato de memantina em solução oral e comprimido orodispersível,Processo encerrado: decisão de não incorporação no SUS,Tratamento da Doença de Alzheimer moderada e grave em pacientes com disfagia,Incorporação,2025-05-07
Interna,2024-06-17,Procedimento,Neurologia,"Secretaria de Ciência, Tecnologia e Inovação e do Complexo Econômico-Industrial da Saúde SECTICS/MS ",Terapia de Estimulação Cognitiva,Já incorporado ao SUS,Tratamento da doença de Alzheimer leve a moderada,Incorporação,
Interna,2024-06-20,Medicamento,Infectologia,Secretaria de Atenção Especializada à Saúde  SAES/MS,"Ganciclovir
 intravenoso e Valganciclovir oral",Processo encerrado: decisão de incorporação no SUS,Profilaxia e terapia preemptiva para infecção e doença por citomegalovírus (CMV) e tratamento da doença por CMV após transplante de órgão sólidos (TOS) e transplante de células-tronco hematopoiéticas (TCTH),Incorporação,2025-02-20
Interna,2024-07-24,Medicamento,Imunologia,"Secretaria de Ciência, Tecnologia e Inovação e do Complexo Econômico-Industrial da Saúde SECTICS/MS ",Rituximabe,Processo encerrado: decisão de incorporação no SUS,Tratamento de indivíduos adultos com Púrpura Trombocitopênica Idiopática primária (PTI) refratária ou dependente de corticosteroide.,Incorporação,2024-12-24
Interna,2024-07-24,Medicamento,Imunologia,"Secretaria de Ciência, Tecnologia e Inovação e do Complexo Econômico-Industrial da Saúde SECTICS/MS ",Dapsona,Processo encerrado: decisão de não incorporação no SUS,Tratamento de indivíduos adultos com Púrpura Trombocitopênica Idiopática primária (PTI) refratária ou dependente de corticosteroide.,Incorporação,2024-12-24
Interna,2024-07-24,Medicamento,Imunologia,"Secretaria de Ciência, Tecnologia e Inovação e do Complexo Econômico-Industrial da Saúde SECTICS/MS ",Romiplostim,Processo encerrado: decisão de incorporação no SUS,Tratamento de indivíduos adultos com Púrpura Trombocitopênica Idiopática primária (PTI) refratária ou dependente de corticosteroide.,Incorporação,2024-12-24
Interna,2024-07-25,Medicamento,Endocrinologia,"Secretaria de Ciência, Tecnologia e Inovação e do Complexo Econômico-Industrial da Saúde SECTICS/MS ",Insulinas análogas de ação prolongada,Processo encerrado: decisão de incorporação no SUS,Tratamento do diabetes mellitus tipo 2,Incorporação,2024-11-29
Interna,2024-07-25,Medicamento,Endocrinologia,"Secretaria de Ciência, Tecnologia e Inovação e do Complexo Econômico-Industrial da Saúde SECTICS/MS ",Insulinas análogas de ação rápida,Processo encerrado: decisão de incorporação no SUS,Tratamento do diabetes mellitus tipo 2,Incorporação,2024-11-29
Interna,2024-07-27,Procedimento,Transplante ,Secretaria de Atenção Especializada à Saúde  SAES/MS,Transplante de intestino delgado e o transplante multivisceral,Processo encerrado: decisão de incorporação no SUS,Tratamento de pacientes com falência intestinal e demais indicações,Incorporação,2025-02-20
Interna,2024-08-01,Medicamento,Nefrologia,"Secretaria de Ciência, Tecnologia e Inovação e do Complexo Econômico-Industrial da Saúde SECTICS/MS ","Hidróxido de alumínio (Comprimido de 230mg e 300mg) e suspensão oral 61,5mg/mL; Alfacalcidol (cápsula mole de 0,25mcg e 1mcg)",Processo encerrado: decisão de exclusão do SUS,Tratamento do Distúrbio Mineral Ósseo na Doença Renal Crônica.,Exclusão ,2024-12-03
Interna,2024-08-23,Medicamento,Nefrologia,"Secretaria de Ciência, Tecnologia e Inovação e do Complexo Econômico-Industrial da Saúde SECTICS/MS ",Pancreatina,Processo encerrado: decisão de incorporação no SUS,Tratamento de reposição enzimática de pacientes com insuficiência pancreática exócrina,Ampliação de Uso,2025-05-29
Interna,2024-09-20,Medicamento,Dermatologia,"Secretaria de Ciência, Tecnologia e Inovação e do Complexo Econômico-Industrial da Saúde SECTICS/MS ",Metotrexato,Processo encerrado: decisão de incorporação no SUS,Tratamento de pacientes com dermatite atópica moderada a grave,Incorporação,2025-05-27
Interna,2024-09-20,Procedimento,Gastroenterologia,"Secretaria de Ciência, Tecnologia e Inovação e do Complexo Econômico-Industrial da Saúde SECTICS/MS ",Ultrassonografia endoscópica,Processo encerrado: decisão de incorporação no SUS,Diagnóstico de pancreatite crônica,Incorporação,2025-05-29
Interna,2024-09-20,Procedimento,Gastroenterologia,"Secretaria de Ciência, Tecnologia e Inovação e do Complexo Econômico-Industrial da Saúde SECTICS/MS ",Teste da elastase-1 fecal,Processo encerrado: decisão de incorporação no SUS,Diagnóstico de insuficiência pancreática exócrina,Incorporação,2025-05-15
Interna,2024-09-25,Medicamento,Oncologia,"Secretaria de Ciência, Tecnologia e Inovação e do Complexo Econômico-Industrial da Saúde SECTICS/MS ",Brigatinibe (Inibidores da tirosina quinase),Processo encerrado: decisão de incorporação no SUS,Tratamento de pacientes com câncer de pulmão não pequenas células com translocação em estágio localmente avançado ou metastático como primeila linha de tratamento.,Incorporação,2025-05-07
Interna,2024-09-25,Medicamento,Oncologia,"Secretaria de Ciência, Tecnologia e Inovação e do Complexo Econômico-Industrial da Saúde SECTICS/MS ",Lorlatinibe e alectinibe (Inibidores da tirosina quinase),Processo encerrado: decisão de não incorporação no SUS,Tratamento de pacientes com câncer de pulmão não pequenas células com translocação em estágio localmente avançado ou metastático como primeila linha de tratamento.,Incorporação,2025-05-07
Interna,2024-09-25,Medicamento,Oncologia,"Secretaria de Ciência, Tecnologia e Inovação e do Complexo Econômico-Industrial da Saúde SECTICS/MS ",Inibidores da tirosina quinase,Processo encerrado: decisão de não incorporação no SUS,"Tratamento de pacientes com câncer de pulmão não pequenas células com translocação de ALK, localmente avançado ou metastático, em segunda linha de tratamento.",Incorporação,2025-05-07
Interna,2024-09-25,Medicamento,Imunologia,"Secretaria de Ciência, Tecnologia e Inovação e do Complexo Econômico-Industrial da Saúde SECTICS/MS ",Omalizumabe,Processo encerrado: decisão de incorporação no SUS,Tratamento da asma alérgica grave não controlada apesar do uso de corticoide inalatório (CI) associado a um beta2-agonista de longa ação (LABA),Reavaliação,2025-02-03
Interna,2024-10-25,Medicamento,Imunologia,"Secretaria de Ciência, Tecnologia e Inovação e do Complexo Econômico-Industrial da Saúde SECTICS/MS ",Rituximabe e romiplostim,Processo encerrado: decisão de incorporação no SUS,"Tratamento da PTI refratária, crônica ou dependente de corticosteroide em crianças e adolescentes.",Incorporação,2025-05-15
Interna,2024-10-25,Medicamento,Imunologia,"Secretaria de Ciência, Tecnologia e Inovação e do Complexo Econômico-Industrial da Saúde SECTICS/MS ",Dapsona,Processo encerrado: decisão de não incorporação no SUS,"Tratamento da PTI refratária, crônica ou dependente de corticosteroide em crianças e adolescentes.",Incorporação,2025-05-15
Interna,2024-10-25,Medicamento,Hematologia,Secretaria de Atenção Especializada à Saúde  SAES/MS,Deferiprona,Processo encerrado: decisão de incorporação no SUS,Tratamento da sobrecarga de ferro em pacientes com doença falciforme,Ampliação de Uso,2025-03-25
Interna,2024-11-13,Procedimento,Oncologia,"Secretaria de Ciência, Tecnologia e Inovação e do Complexo Econômico-Industrial da Saúde SECTICS/MS ",Tomografia computadorizada por emissão de pósitrons (PET-CT),Processo encerrado: decisão de incorporação no SUS,Tratamento de estadiamento de pacientes com doença localmente avançada de carcinoma de esôfago não sabidamente metastático (após resultados inconclusivos na TC). inconclusivos na TC). sabidamente metastático (após resultados inconclusivos na TC).,Ampliação de Uso,2025-05-07
Interna,2024-11-13,Medicamento,Oncologia,"Secretaria de Ciência, Tecnologia e Inovação e do Complexo Econômico-Industrial da Saúde SECTICS/MS ",Nivolumabe e pembrolizumabe,Processo encerrado: decisão de não incorporação no SUS,Tratamento de primeira linha do carcinoma de esôfago avançado ou metastático em pacientes com maior expressão de PD-L1,Incorporação,2025-07-30
Interna,2024-11-13,Medicamento,Oncologia,"Secretaria de Ciência, Tecnologia e Inovação e do Complexo Econômico-Industrial da Saúde SECTICS/MS ",Nivolumabe,Processo encerrado: decisão de não incorporação no SUS,"Tratamento adjuvante para pacientes adultos com diagnóstico confirmado de carcinoma de esôfago após tratamento trimodal (quimioterapia, radioterapia e cirurgia)",Incorporação,2025-07-30
Interna,2024-11-13,Medicamento,Oncologia,"Secretaria de Ciência, Tecnologia e Inovação e do Complexo Econômico-Industrial da Saúde SECTICS/MS ",Nivolumabe,Processo encerrado: decisão de não incorporação no SUS,"Tratamento de adultos com câncer de estômago ou da junção esofagogástrica, avançado ou metastático não tratados anteriormente.",Incorporação,2025-05-07
Interna,2024-11-13,Medicamento,Oncologia,"Secretaria de Ciência, Tecnologia e Inovação e do Complexo Econômico-Industrial da Saúde SECTICS/MS ",Trastuzumabe,Processo encerrado: decisão de incorporação no SUS,"Tratamento de adultos com câncer de estômago ou da junção esofagogástrica, avançado ou metastático, HER2+ e não tratados anteriormente (1ª linha)",Incorporação,2025-05-15
Interna,2024-11-13,Medicamento,Oncologia,"Secretaria de Ciência, Tecnologia e Inovação e do Complexo Econômico-Industrial da Saúde SECTICS/MS ",Ramucirumabe,Processo encerrado: decisão de não incorporação no SUS,Tratamento de adultos diagnosticados com câncer de estômago ou junção gastroesofágica avançado ou metastático refratários à primeira linha de tratamento.,Incorporação,2025-05-07
Interna,2024-11-25,Medicamento,Infectologia,Secretaria de Vigilância em Saúde e Ambiente  SVSA/MS,Tafenoquina 50 mg,Processo encerrado: decisão de incorporação no SUS,"Indivíduos com peso superior a 10 kg, condicionada à realização prévia do teste quantitativo da atividade da enzima G6PD.",Incorporação,2025-09-16
Interna,2024-12-02,Procedimento,Dermatologia,Secretaria de Atenção Especializada à Saúde  SAES/MS,Transplante de membrana amniótica,Processo encerrado: decisão de incorporação no SUS,Tratamento de pacientes com queimaduras de pele,Incorporação,2025-06-23
Interna,2024-12-30,Medicamento,Ginecologia,"Secretaria de Ciência, Tecnologia e Inovação e do Complexo Econômico-Industrial da Saúde SECTICS/MS ",Dispositivo Intrauterino liberador de levonorgestrel,Processo encerrado: decisão de incorporação no SUS,Tratamento de pacientes com endometriose com contraindicação ou não adesão aos contraceptivos orais combinados,Incorporação,2025-05-29
Interna,2024-12-30,Medicamento,Ginecologia,"Secretaria de Ciência, Tecnologia e Inovação e do Complexo Econômico-Industrial da Saúde SECTICS/MS ",Progestágenos orais - desogestrel  ,Processo encerrado: decisão de incorporação no SUS,Tratamento de endometriose,Incorporação,2025-06-02
Interna,2024-12-30,Medicamento,Ginecologia,"Secretaria de Ciência, Tecnologia e Inovação e do Complexo Econômico-Industrial da Saúde SECTICS/MS ",Progestágenos orais - acetato de noretisterona (10 mg) e de dienogeste ,Processo encerrado: decisão de não incorporação no SUS,Tratamento de endometriose,Incorporação,2025-06-02
Interna,2025-01-28,Medicamento,Neurologia,"Secretaria de Ciência, Tecnologia e Inovação e do Complexo Econômico-Industrial da Saúde SECTICS/MS ",Selegilina 5mg,Processo encerrado: decisão de exclusão do SUS,Tratamento da Doença de Parkinson,Exclusão ,2025-10-01
Interna,2025-02-10,Medicamento,Cardiovascular,"Secretaria de Ciência, Tecnologia e Inovação e do Complexo Econômico-Industrial da Saúde SECTICS/MS ",Rosuvastatina,Processo encerrado: decisão de não incorporação no SUS,Para pacientes com alto e muito alto risco cardiovascular.,Incorporação,2025-12-29
Interna,2025-02-10,Medicamento,Cardiovascular,"Secretaria de Ciência, Tecnologia e Inovação e do Complexo Econômico-Industrial da Saúde SECTICS/MS ",Ezetimiba,Processo encerrado: decisão de não incorporação no SUS,Pacientes com alto e muito alto risco cardiovascular.,Incorporação,2025-12-29
Interna,2025-03-17,Medicamento,Ginecologia,Secretaria de Atenção Primária à Saúde  SAPS/MS,Implante subdérmico de etonogestrel,Processo encerrado: decisão de incorporação no SUS,Adolescentes de 14 a 17 anos,Incorporação,2025-07-09
Interna,2025-03-19,Medicamento,Nefrologia,"Secretaria de Ciência, Tecnologia e Inovação e do Complexo Econômico-Industrial da Saúde SECTICS/MS ",Micofenolato de mofetila/micofenolato de sódio,Processo encerrado: decisão de incorporação no SUS,Tratamento da síndrome nefrótica primária em crianças e adolescentes,Incorporação,2025-10-09
Interna,2025-03-19,Medicamento,Nefrologia,"Secretaria de Ciência, Tecnologia e Inovação e do Complexo Econômico-Industrial da Saúde SECTICS/MS ",Rituximabe,Processo encerrado: decisão de incorporação no SUS,Tratamento em crianças e adolescentes com síndrome nefrótica primária corticodependente e recaída frequente,Incorporação,2025-10-01
Interna,2025-03-19,Procedimento,Gastroentorologia,Secretaria de Vigilância em Saúde e Ambiente  SVSA/MS,Elastografia,Processo encerrado: decisão de incorporação no SUS,Diagnóstico da fibrose hepática em pacientes com esquistossomose,Ampliação de Uso,2025-09-16
Interna,2025-03-19,Medicamento,Gastroentorologia,Secretaria de Vigilância em Saúde e Ambiente  SVSA/MS,Oxamniquina,Processo encerrado: decisão de exclusão do SUS,Tratamento da esquistossomose,Exclusão ,2025-06-23
Interna,2025-03-25,Medicamento,Oncologia,"Secretaria de Ciência, Tecnologia e Inovação e do Complexo Econômico-Industrial da Saúde SECTICS/MS ",Regorafenibe,Processo encerrado: decisão de não incorporação no SUS,"Tratamento de indivíduos com tumor do estroma gastrointestinal avançado ou metastático, após falha ao imatinibe e sunitinibe",Incorporação,2025-09-26
Interna,2025-03-25,Medicamento,Oncologia,"Secretaria de Ciência, Tecnologia e Inovação e do Complexo Econômico-Industrial da Saúde SECTICS/MS ",Sunitinibe,Processo encerrado: decisão de incorporação no SUS,"Tratamento o de indivíduos com tumor do estroma gastrointestinal avançado ou metastático, após falha ao imatinibe",Incorporação,2025-10-01
Interna,2025-03-31,Medicamento,Ginecologia,"Secretaria de Ciência, Tecnologia e Inovação e do Complexo Econômico-Industrial da Saúde SECTICS/MS ",Ácido Tranexâmico e Dispositivo Intrauterino Liberador de Levonorgestrel (DIU-LNG),Processo encerrado: decisão de incorporação no SUS,Tratamento de pacientes com Leiomioma de Útero.,Incorporação,2025-01-12
Interna,2025-04-02,Medicamento,Infectologia,"Secretaria de Ciência, Tecnologia e Inovação e do Complexo Econômico-Industrial da Saúde SECTICS/MS ",Doxiciclina 100 mg,Processo encerrado: decisão de incorporação no SUS,"Profilaxia pós-exposição na prevenção das infecções sexualmente transmissíveis (ISTs) bacterianas, clamídia e sífilis na população",Incorporação,2026-03-11
Interna,2025-04-07,Medicamento,Imunologia,Secretaria de Vigilância em Saúde e Ambiente  SVSA/MS,"Vacinas pneumocócicas conjugadas (VPC13, VPC15, VPC20)",Processo encerrado: decisão de incorporação no SUS,Imunização de crianças até 5 anos de idade contra doença pneumocócica.,Incorporação,2026-01-12
Interna,2025-04-14,Medicamento,Infectologia,Secretaria de Vigilância em Saúde e Ambiente  SVSA/MS,Vacina Herpes-zoster,Processo encerrado: decisão de não incorporação no SUS,Prevenção do Herpes-zóster em idosos com idade ≥ 80 anos e indivíduos imunocomprometidos com idade ≥ 18 anos,Incorporação,2026-01-12
Interna,2025-04-14,Medicamento,Infectologia,Secretaria de Vigilância em Saúde e Ambiente  SVSA/MS,Vacina adsorvida hexavalente acelular (DTaP/HB/VIP/Hib) e Haemophilus influenzae b (conjugada),Processo encerrado: decisão de incorporação no SUS,"Tratamento de crianças com até 6 anos, 11 meses e 29 dias imunodeprimidas, com condições clínicas especiais ou com risco aumentado de apresentarem eventos adversos, conforme estratégia do Programa Nacional de Imunizações.",Incorporação,2025-10-02
Interna,2025-04-15,Procedimento,Gastroentorologia,"Secretaria de Ciência, Tecnologia e Inovação e do Complexo Econômico-Industrial da Saúde SECTICS/MS ",Pesquisa de C4d por imuno-histoquímica e anticorpos Anti-HLA (DSA).,Processo encerrado: decisão de incorporação no SUS,Avaliação de rejeição de transplante hepático.,Incorporação,2025-12-05
Interna,2025-04-15,Medicamento,Gastroentorologia,"Secretaria de Ciência, Tecnologia e Inovação e do Complexo Econômico-Industrial da Saúde SECTICS/MS ",Sirolimo,Processo encerrado: decisão de incorporação no SUS,Tratamento de imunossupressão em pacientes adultos submetidos a transplante hepático durante a infância.,Incorporação,2025-10-21
Interna,2025-05-16,Medicamento,Neurologia,"Secretaria de Ciência, Tecnologia e Inovação e do Complexo Econômico-Industrial da Saúde SECTICS/MS ",Mesilato de bromocriptina,Processo encerrado: decisão de exclusão do SUS,Tratamento de pacientes com Doença de Parkinson e de hiperprolactinemia,Exclusão ,2025-12-29
Interna,2025-05-23,Medicamento,Infectologia,Secretaria de Vigilância em Saúde e Ambiente  SVSA/MS,Bictegravir 50mg/Entricitabina 200mg/Tenofovir Alafenamida 25mg (BIC/FTC/TAF),Processo encerrado: decisão de incorporação no SUS,Tratamento de pessoas vivendo com HIV,Incorporação,2025-11-03
Interna,2025-05-23,Medicamento,Gastroentorologia,"Secretaria de Ciência, Tecnologia e Inovação e do Complexo Econômico-Industrial da Saúde SECTICS/MS ",Tacrolimo de liberação prolongada,Processo encerrado: decisão de não incorporação no SUS,Tratamento da imunossupressão em pacientes adultos submetidos a transplante hepático,Incorporação,2025-10-09
Interna,2025-05-23,Medicamento,Oncologia,"Secretaria de Ciência, Tecnologia e Inovação e do Complexo Econômico-Industrial da Saúde SECTICS/MS ",Crizotinibe,Processo encerrado: decisão de exclusão do SUS,"Tratamento, em primeira linha, de pacientes adultos com câncer de pulmão não pequenas células avançado ou metastático ALK+",Exclusão ,2025-10-21
Interna,2025-05-29,Procedimento,Oftalmologia,Secretaria de Atenção Especializada à Saúde  SAES/MS,Transplante de membrana amniótica,Processo encerrado: decisão de incorporação no SUS,Tratamento de pacientes com afecções oculares,Incorporação,2026-04-16
Interna,2025-05-29,Procedimento,Infectologia,Secretaria de Atenção Especializada à Saúde  SAES/MS,Transplante de membrana amniótica,Processo encerrado: decisão de incorporação no SUS,Tratamento de pacientes com feridas crônicas e do pé diabético,Incorporação,2026-04-16
Interna,2025-06-11,Medicamento,Endocrinologia,"Secretaria de Ciência, Tecnologia e Inovação e do Complexo Econômico-Industrial da Saúde SECTICS/MS ",Testosterona injetável,Em análise após consulta pública,Para adolescentes do sexo masculino com hipogonadismo hipogonadotrófico orgânico.,Incorporação,
Interna,2025-06-11,Medicamento,Endocrinologia,"Secretaria de Ciência, Tecnologia e Inovação e do Complexo Econômico-Industrial da Saúde SECTICS/MS ",Estradiol adesivo transdérmico (Estradiol hemi-hidratado),Em análise após consulta pública,Para indução da puberdade em adolescentes do sexo feminino com hipogonadismo hipogonadotrófico orgânico.,Incorporação,
Interna,2025-06-11,Medicamento,Endocrinologia,"Secretaria de Ciência, Tecnologia e Inovação e do Complexo Econômico-Industrial da Saúde SECTICS/MS ",Testosterona injetável,Em análise após consulta pública,Para homens com hipogonadismo hipogonadotrófico orgânico.,Incorporação,
Interna,2025-06-13,Procedimento,Infectologia,Secretaria de Vigilância em Saúde e Ambiente  SVSA/MS,Teste imunoenzimático,Processo encerrado: decisão de incorporação no SUS,Detecção do antígeno galactomanana de histoplasma capsulatum para o diagnóstico de histoplasmose.,Incorporação,2025-10-01
Interna,2025-06-17,Medicamento,Infectologia,Secretaria de Saúde Indígena SESAI/MS,Dimeticona 92%,Processo encerrado: decisão de incorporação no SUS,Tratamento de pacientes com tungíase,Incorporação,2026-03-23
Interna,2025-07-02,Medicamento,Imunologia,"Secretaria de Ciência, Tecnologia e Inovação e do Complexo Econômico-Industrial da Saúde SECTICS/MS ",Ciclofosfamida oral,Em análise após consulta pública,Tratamento de indução de remissão em pacientes com vasculite associada aos anticorpos anticitoplasma de neutrófilos (ANCA),Incorporação,
Interna,2025-07-02,Procedimento,Imunologia,"Secretaria de Ciência, Tecnologia e Inovação e do Complexo Econômico-Industrial da Saúde SECTICS/MS ",Testes de Elisa,Processo encerrado: decisão de incorporação no SUS,Diagnóstico de pacientes com vasculite associada aos anticorpos anti-citoplasma de neutróficos (ANCA),Incorporação,2026-01-12
Interna,2025-07-02,Medicamento,Imunologia,"Secretaria de Ciência, Tecnologia e Inovação e do Complexo Econômico-Industrial da Saúde SECTICS/MS ","Rituximabe, Micofenolato de mofetila, Azatioprina, Metotrexato e Ciclofosfamida",Em análise após consulta pública,Tratamento de manutenção de pacientes com vasculite associada aos anticorpos anti-citoplasma de neutrófilos (ANC),Incorporação,
Interna,2025-08-12,Medicamento,Oncologia,Instituto Nacional de Câncer  INCA,"Ibrutinibe, Acalabrutinibe, Zanubrutinibe e Venetoclax em monoterapia ou associadas",Processo encerrado: a pedido do demandante,"Tratamento da leucemia linfocítica crônica (LLC) sintomática, refratária ou recidivante.",Incorporação,
Interna,2025-08-22,Produto,Infectologia,Secretaria de Vigilância em Saúde e Ambiente  SVSA/MS,Teste imunoenzimático,Processo encerrado: decisão de incorporação no SUS,Diagnóstico de aspergilose invasiva em pacientes imunocomprometidos,Incorporação,2026-04-07
Interna,2025-08-27,Medicamento,Genética,"Secretaria de Ciência, Tecnologia e Inovação e do Complexo Econômico-Industrial da Saúde SECTICS/MS ",Cipionato de Hidrocortisona,Processo encerrado: a pedido do demandante,Tratamento de recém-nascidos diagnosticados com hiperplasia adrenal congênita.,Exclusão ,
Interna,2025-08-28,Medicamento,Infectologia,Secretaria de Vigilância em Saúde e Ambiente  SVSA/MS,Sofosbuvir/velpatasvir 200 mg/50 mg,Processo encerrado: decisão de incorporação no SUS,Tratamento da hepatite C crônica em crianas de 3 anos a 11 anos,Incorporação,2025-12-29
Interna,2025-09-10,Medicamento,Gastroenterologia,"Secretaria de Ciência, Tecnologia e Inovação e do Complexo Econômico-Industrial da Saúde SECTICS/MS ",Ustequinumabe,Processo encerrado: decisão de incorporação no SUS,Tratamento da doença de Crohn,Reavaliação,2025-12-05
Interna,2025-09-15,Medicamento,Infectologia,Secretaria de Vigilância em Saúde e Ambiente  SVSA/MS,Ledipasvir 90mg/sofosbuvir 400mg  Elbasvir 50mg/grazoprevir 100mg,Processo encerrado: decisão de exclusão do SUS,Tratamento de pacientes com hepatite C,Exclusão ,2025-12-29
Interna,2025-09-22,Medicamento,Genética,Secretaria de Atenção Especializada à Saúde  SAES/MS,Vosoritida,Em análise após consulta pública,Tratamento de acondroplasia (ACH) em pacientes a partir de 2 anos de idade e cujas epífises não estão fechadas,Incorporação,
Interna,2025-09-22,Procedimento,Oncologia,Secretaria de Atenção Especializada à Saúde  SAES/MS,Tomografia por emissão de pósitrons (PET-CT),Processo encerrado: decisão de incorporação no SUS,Diagnosticar o câncer de mama metastático quando os exames de imagem convencionais apresentarem achados equívocos,Incorporação,2026-04-07
Interna,2025-10-13,Procedimento,Infectologia,"Secretaria de Ciência, Tecnologia e Inovação e do Complexo Econômico-Industrial da Saúde SECTICS/MS ",Elastografia hepática ultrassônica,Em análise após consulta pública,Estadiamento e monitoramento da fibrose hepática em pacientes com colangite biliar primária.,Ampliação de Uso,
Interna,2025-10-13,Medicamento,Gastroenterologia,"Secretaria de Ciência, Tecnologia e Inovação e do Complexo Econômico-Industrial da Saúde SECTICS/MS ",Bezafibrato,Em análise após consulta pública,Tratamento da colangite biliar primária,Incorporação,
Interna,2025-10-14,Medicamento,Genética,"Secretaria de Ciência, Tecnologia e Inovação e do Complexo Econômico-Industrial da Saúde SECTICS/MS ",Romosozumabe e teriparatida,Em análise após consulta pública,Tratamento de homens com osteoporose grave e falha terapêutica aos medicamentos disponíveis no SUS,Incorporação,
Interna,2025-10-30,Procedimento,Cardiosvascular,"Secretaria de Ciência, Tecnologia e Inovação e do Complexo Econômico-Industrial da Saúde SECTICS/MS ",Ultrasom intracoronariano,Em consulta pública,Tratamento de pacientes com síndrome coronariana crônica com anatomia complexa submetidos à revascularização percutânea,Incorporação,
Interna,2025-11-24,Medicamento,Toxicologia,Secretaria de Vigilância em Saúde e Ambiente  SVSA/MS,"Ácido meso-2,3-dimercaptossuccínico (DMSA, succimer)",Processo encerrado: decisão de incorporação no SUS,Casos de intoxicação “exógena” aguda por mercúrio,Incorporação,2026-06-15
Interna,2025-12-01,Medicamento,Obstetricia,Secretaria de Atenção Primária à Saúde SAPS/MS,Carbonato de cálcio de maneira off label,Em análise,Prevenção da pré-eclâmpsia e eclâmpsia em gestantes,Incorporação,
Interna,2025-12-08,Medicamento,,Secretaria de Atenção Especializada em Saúde SAES/MS,Rituximabe,Em análise,Tratamento de pacientes com fibrose retroperitoneal.,Incorporação,
Interna,2025-12-23,Medicamento,Infectologia,Secretaria de Vigilância em Saúde e Ambiente  SVSA/MS,Praziquantel,Em análise após consulta pública,Tratamento de crianças em idade pré-escolar com esquistossomose.,Ampliação de Uso,
Interna,2026-01-06,Medicamento,Oftalmologia,"Secretaria de Ciência, Tecnologia e Inovação em Saúde SCTIE/MS",Adalimumabe,Em análise após consulta pública,"Tratamento de uveítes não
 infecciosas em crianças e adolescentes",Incorporação,
Interna,2026-01-06,Medicamento,Oftalmologia,"Secretaria de Ciência, Tecnologia e Inovação em Saúde SCTIE/MS",Micofenolato e metotrexato,Em análise após consulta pública,Tratamento de uveítes não infecciosas.,Incorporação,
Interna,2026-01-08,Medicamento,Hematologia,"Secretaria de Ciência, Tecnologia e Inovação em Saúde SCTIE/MS","Ravulizumabe, pegcetacoplana, crovalimabe e iptacopana",Em consulta pública,Tratamento da hemoglobinúria paroxística noturna (HPN),Incorporação,
Interna,2026-01-13,Procedimento,Neurocirurgia,"Secretaria de Ciência, Tecnologia e Inovação em Saúde SCTIE/MS",Distratores ósseos,Em análise,Tratamento de indivíduos com craniossinostose,Incorporação,
Interna,2026-01-13,Procedimento,Neurocirurgia,"Secretaria de Ciência, Tecnologia e Inovação em Saúde SCTIE/MS",Sistemas de fixação absorvíveis (placas e parafusos),Em análise,Tratamento de crianças e recém-nascidos com craniossinostose.,Incorporação,
Interna,2026-01-14,Medicamento,Dermatologia,Secretaria de Atenção Especializada em Saúde SAES/MS,Rituximabe,Em consulta pública,Tratamento de pacientes com pênfigo vulgar moderado a grave em adultos,Incorporação,
Interna,2026-01-28,Medicamento,Infectologia,"Secretaria de Ciência, Tecnologia e Inovação em Saúde SCTIE/MS",Formulações lipídicas de anfotericina B,Em análise após consulta pública,Tratamento da leishmaniose visceral,Ampliação de Uso,
Interna,2026-01-28,Medicamento,Infectologia,"Secretaria de Ciência, Tecnologia e Inovação em Saúde SCTIE/MS",Anfotericina B lipossomal associada à miltefosina,Em análise após consulta pública,Tratamento da leishmaniose visceral em pacientes imunocomprometidos.,Incorporação,
Interna,2026-02-20,Medicamento,Infectologia,Secretaria de Vigilância em Saúde e Ambiente  SVSA/MS,Claritromicina como esquema de segunda linha,Em análise após consulta pública,Tratamento da hanseníase em adultos e crianças com reação adversa ao tratamento de primeira linha.,Ampliação de Uso,
Interna,2026-02-20,Produto,Infectologia,Secretaria de Vigilância em Saúde e Ambiente  SVSA/MS,Teste de detecção molecular qualitativa do Mycobacterium leprae,Em análise após consulta pública,Auxiliar o diagnóstico de hanseníase em pacientes com lesões suspeitas e baciloscopia negativa.,Ampliação de Uso,
Interna,2026-03-02,Medicamento,Oncologia,"Secretaria de Ciência, Tecnologia e Inovação em Saúde SCTIE/MS",Rituximabe,Em análise,"Tratamento de pacientes com linfoma difuso de grandes células B: 1) refratário ou recidivante ao tratamento de primeira linha (tratamento de resgate, 2ª linha e subsequente); 2) em tratamento de manutenção após a primeira linha.",Ampliação de Uso,
Interna,2026-03-02,Procedimento,Oncologia,"Secretaria de Ciência, Tecnologia e Inovação em Saúde SCTIE/MS",Transplante de células progenitoras hematopoéticas (TCPH) alogênico.,Em análise,Tratamento de pacientes com linfoma difuso de grandes células B (LDGCB) recidivado após TCPH autólogo.,Ampliação de Uso,
Interna,2026-03-03,Procedimento,Oncologia,"Secretaria de Ciência, Tecnologia e Inovação em Saúde SCTIE/MS","Tomografia computadorizada por emissão de
 pósitrons (PET-CT)",Em análise,Tratamento de neoplasia maligna epitelial de ovário,Incorporação,
Interna,2026-03-31,Procedimento,Oftalmologia,"Secretaria de Ciência, Tecnologia e Inovação em Saúde SCTIE/MS",Tomografia de coerência óptica,Em consulta pública,Monitoramento de pacientes com glaucoma primário de ângulo aberto e de ângulo fechado,Incorporação,
Interna,2026-03-31,Procedimento,Oftalmologia,"Secretaria de Ciência, Tecnologia e Inovação em Saúde SCTIE/MS",Cirurgia antiglaucomatosa por via angular com goniotomia excisional ou com trabeculotomia transluminal durante a cirurgia de facectomia com implante de lente intraocular com facoemulsificação,Em consulta pública,Tratamento de pacientes diagnosticados com catarata e glaucoma primário de ângulo aberto com dano inicial ou moderado controlado com colírios,Incorporação,
Interna,2026-04-01,Procedimento,Oftalmologia,"Secretaria de Ciência, Tecnologia e Inovação em Saúde SCTIE/MS",Tomografia de coerência óptica,Em consulta pública,Diagnóstico de pacientes com glaucoma primário de ângulo fechado.,Ampliação de Uso,
Interna,2026-04-24,Medicamento,Obstetricia,Secretaria de Atenção Primária à Saúde SAPS/MS,Ácido acetilsalicílico,Em consulta pública,Prevenção da pré-eclâmpsia e eclâmpsia em gestantes.,Incorporação ,
Externa,2012-01-01,Medicamento,Reumatologia ,Associação Nacional de Grupos de Pacientes Reumáticos ANAPAR,Tocilizumabe,Processo encerrado: decisão de incorporação no SUS,Tratamento da artrite reumatoide,Incorporação,2012-09-11
Externa,2012-01-01,Medicamento,Reumatologia ,Associação Nacional de Grupos de Pacientes Reumáticos ANAPAR,Rituximabe,Processo encerrado: decisão de incorporação no SUS,Tratamento da artrite reumatoide,Incorporação,2012-09-11
Externa,2012-01-01,Medicamento,Reumatologia ,Associação Nacional de Grupos de Pacientes Reumáticos ANAPAR,Abatacepte,Processo encerrado: decisão de incorporação no SUS,Tratamento da artrite reumatoide,Incorporação,2012-09-11
Externa,2012-01-01,Medicamento,Reumatologia ,Associação Nacional de Grupos de Pacientes Reumáticos ANAPAR,Infliximabe,Processo encerrado: decisão de incorporação no SUS,Tratamento da artrite reumatoide,Incorporação,2012-09-11
Externa,2012-01-01,Medicamento,Reumatologia ,Associação Nacional de Grupos de Pacientes Reumáticos ANAPAR,Adalimumabe,Processo encerrado: decisão de incorporação no SUS,Tratamento da artrite reumatoide,Incorporação,2012-09-11
Externa,2012-01-01,Medicamento,Reumatologia ,Associação Nacional de Grupos de Pacientes Reumáticos ANAPAR,Etanercepte,Processo encerrado: decisão de incorporação no SUS,Tratamento da artrite reumatoide,Incorporação,2012-09-11
Externa,2012-01-11,Medicamento,Genética,Novartis Biociências,Everolimo,Processo encerrado: decisão de não incorporação no SUS,Tratamento do astrocitoma subependimário de células gigantes (SEGA) associado à esclerose tuberosa,Incorporação,2012-09-14
Externa,2012-01-12,Medicamento,Reumatologia ,Laboratórios Pfizer,Etanercepte,Processo encerrado: decisão de não incorporação no SUS,Tratamento da psoríase moderada a grave em adultos,Incorporação,2012-10-05
Externa,2012-01-16,Medicamento,Pneumologia,Nycomed Pharma,Roflumilaste,Processo encerrado: decisão de não incorporação no SUS,Doença pulmonar obstrutiva crônica (DPOC),Incorporação,2012-10-05
Externa,2012-01-17,Medicamento,Neurologia,Novartis Biociências,Fingolimode,Processo encerrado: decisão de não incorporação no SUS,Tratamento da esclerose múltipla,Incorporação,2012-09-14
Externa,2012-01-25,Medicamento,Reumatologia ,Abbott Laboratórios do Brasil,Adalimumabe,Processo encerrado: decisão de não incorporação no SUS,Tratamento da psoríase moderada a grave em adultos,Incorporação,2012-10-05
Externa,2012-01-26,Medicamento,Reumatologia ,AstraZeneca do Brasil ,Certolizumabe pegol,Processo encerrado: decisão de incorporação no SUS,Tratamento da Artrite reumatoide,Incorporação,2012-09-11
Externa,2012-01-26,Medicamento,Gastroenterologia,AstraZeneca do Brasil ,Certolizumabe pegol,Processo encerrado: decisão de não incorporação no SUS,Tratamento da Doença de Crohn,Incorporação,2012-09-14
Externa,2012-02-01,Procedimento,Infectologia,Ciclo Farma Indústria Química,Ciclo Bakaris,Processo encerrado: a pedido do demandante,Desinfecção hospitalar,Incorporação,
Externa,2012-02-01,Medicamento,Infectologia,Merck Sharp & Dohme Farmacêutica,Boceprevir,Processo encerrado: decisão de incorporação no SUS,Tratamento da hepatite crônica C,Incorporação,2012-07-26
Externa,2012-02-09,Medicamento,Nefrologia,Allergan Produtos Farmacêuticos,Toxina botulínica (tipo A1 apresentação de 200U),Processo encerrado: decisão de não incorporação no SUS,Tratamento da bexiga hiperativa,Incorporação,2012-10-05
Externa,2012-02-09,Medicamento,Dermatologia,LEO Pharma,Calcipotriol + dipropionato de betametasona,Processo encerrado: decisão de não incorporação no SUS,Tratamento da psoríase,Incorporação,2012-10-05
Externa,2012-02-15,Medicamento,Infectologia,GlaxoSmithKline Brasil,Maraviroque,Processo encerrado: decisão de incorporação no SUS,Pacientes em terapia antirretroviral,Incorporação,2012-10-25
Externa,2012-02-15,Medicamento,Cardiovascular,GlaxoSmithKline Brasil,Ambrisentana,Processo encerrado: decisão de não incorporação no SUS,Tratamento da hipertensão arterial pulmonar (HAP),Incorporação,2012-09-14
Externa,2012-03-08,Medicamento,Oftalmologia,Novartis Biociências,Ranibizumabe,Processo encerrado: a pedido do demandante,Degeneração macular neovascular (exsudativa ou úmida) relacionada à idade,Incorporação,
Externa,2012-03-12,Produto,Saúde da Mulher,Artmed Indústria Farmacêutica,Lanolina Ultrapurificada,Processo encerrado: por decisão da Conitec,Prevenir e curar a fissura mamilar Uso durante a gestação e amamentação,Incorporação,
Externa,2012-03-14,Medicamento,Reumatologia ,Bristol Myers Squibb Farmacêutica,Abatacepte,Processo encerrado: decisão de incorporação no SUS,Tratamento da artrite reumatoide,Incorporação,2012-09-11
Externa,2012-03-15,Medicamento,Endocrinologia,Beaufour Ipsen Farmacêutica,Acetato de lanreotida,Processo encerrado: decisão de incorporação no SUS,Tratamento da acromegalia,Incorporação,2012-10-25
Externa,2012-03-15,Produto,Cardiologia,Produtos Roche Diagnóstica Brasil,Tiras Reagentes,Processo encerrado: decisão de não incorporação no SUS,Monitoramento do INR em pacientes recebendo tratamento com varfarina,Incorporação,2012-11-26
Externa,2012-03-20,Medicamento,Pneumologia,Justiça Federal da 4ª Região  Seção Judiciária do Rio Grande do Sul,Palivizumabe,Processo encerrado: decisão de incorporação no SUS,Prevenção da infecção pelo vírus sincicial respiratório,Incorporação,2013-05-13
Externa,2012-03-30,Medicamento,Pneumologia,Eli Lilly do Brasil,Tadalafila,Processo encerrado: decisão de não incorporação no SUS,Tratamento da hipertensão arterial pulmonar,Incorporação,2013-03-06
Externa,2012-04-13,Medicamento,Endocrinologia,Laboratórios Pfizer,Pegvisomanto,Processo encerrado: decisão de não incorporação no SUS,Tratamento da acromegalia,Incorporação,2013-01-21
Externa,2012-04-20,Medicamento,Oncologia,Produtos Roche Diagnóstica Brasil,Trastuzumabe,Processo encerrado: decisão de incorporação no SUS,Tratamento do câncer de mama inicial,Incorporação,2012-07-26
Externa,2012-05-09,Medicamento,Cardiovascular,AstraZeneca do Brasil ,Ticagrelor,Processo encerrado: decisão de não incorporação no SUS,Prevenção de eventos trombóticos em pacientes com síndrome coronariana aguda,Incorporação,2013-03-05
Externa,2012-05-09,Medicamento,Infectologia,Zambon Laboratórios Farmacêuticos,Ácido ursodesoxicólico,Processo encerrado: decisão de não incorporação no SUS,Tratamento da doença hepática relacionada à fibrose cística,Incorporação,2013-03-06
Externa,2012-05-14,Medicamento,Pneumologia,Novartis Biociências,Omalizumabe,Processo encerrado: decisão de não incorporação no SUS,Tratamento da asma grave,Incorporação,2013-04-03
Externa,2012-05-16,Medicamento,Reumatologia ,Produtos Roche Diagnóstica Brasil,Tocilizumabe,Processo encerrado: decisão de incorporação no SUS,Tratamento da artrite reumatoide,Incorporação,2012-09-11
Externa,2012-05-16,Medicamento,Reumatologia ,Produtos Roche Diagnóstica Brasil,Rituximabe,Processo encerrado: decisão de incorporação no SUS,Tratamento da artrite reumatoide,Incorporação,2012-09-11
Externa,2012-06-01,Medicamento,Oftalmologia,Novartis Biociências,Ranibizumabe,Processo encerrado: decisão de não incorporação no SUS,Degeneração macular relacionada à idade,Incorporação,2012-11-26
Externa,2012-06-04,Medicamento,Infectologia,GlaxoSmithKline Brasil,Vacina HPV,Processo encerrado: decisão de incorporação no SUS,Prevenção do câncer de colo de útero,Incorporação,2013-11-18
Externa,2012-06-21,Medicamento,Reumatologia ,JanssenCilag Farmacêutica,Golimumabe,Processo encerrado: decisão de não incorporação no SUS,Tratamento da espondilite anquilosante,Incorporação,2013-03-05
Externa,2012-06-21,Medicamento,Reumatologia ,JanssenCilag Farmacêutica,Golimumabe,Processo encerrado: decisão de não incorporação no SUS,Tratamento da artrite psoríaca,Incorporação,2013-03-05
Externa,2012-06-21,Medicamento,Reumatologia ,JanssenCilag Farmacêutica,Golimumabe,Processo encerrado: decisão de incorporação no SUS,Tratamento da artrite reumatoide,Incorporação,2012-09-11
Externa,2012-06-21,Medicamento,Pneumologia,Novartis Biociências,Indacaterol,Processo encerrado: decisão de não incorporação no SUS,Tratamento da doença pulmonar obstrutiva crônica (DPOC),Incorporação,2013-03-06
Externa,2012-06-26,Medicamento,Psiquiatria,JanssenCilag Farmacêutica,Palmitato de paliperidona,Processo encerrado: decisão de não incorporação no SUS,Tratamento da esquizofrenia,Incorporação,2013-04-03
Externa,2012-06-26,Medicamento,Reumatologia ,JanssenCilag Farmacêutica,Ustequinumabe,Processo encerrado: decisão de não incorporação no SUS,Tratamento da psoríase moderada a grave em adultos,Incorporação,2012-10-05
Externa,2012-07-03,Produto,Urologia,AMS  American Medical Systems do Brasil,Esfíncter urinário artificial,Processo encerrado: decisão de não incorporação no SUS,Tratamento da incontinência urinária masculina grave pósprostatectomia,Incorporação,2013-05-24
Externa,2012-08-01,Medicamento,Infectologia,GlaxoSmithKline Brasil,Vacina tetraviral,Processo encerrado: decisão de incorporação no SUS,"Varicela, sarampo, caxumba e rubéola",Incorporação,2013-01-21
Externa,2012-08-09,Produto,Clínica Geral,Brazil Import Distribuição e Importação de Produtos Médicos Hospitalares ,Injeção intramuscular e subcutânea sem agulha a base de ar por pressão,Processo encerrado: por decisão da Conitec,Aplicação de vários medicamentos e vacinas por via intramuscular e subcutânea,Incorporação,
Externa,2012-08-23,Medicamento,Oncologia,Produtos Roche Químicos e Farmacêuticos,Rituximabe,Processo encerrado: decisão de não incorporação no SUS,"Tratamento do Linfoma Não Hodgkin de células B, folicular, CD20 positivo",Incorporação,2013-08-26
Externa,2012-09-03,Medicamento,Cardiovascular,GlaxoSmithKline Brasil,Ambrisentana,Processo encerrado: decisão de incorporação no SUS,"Tratamento da Hipertensão arterial pulmonar (HAP) na falha primária, secundária ou contraindicação da sildenafila",Incorporação,2013-11-08
Externa,2012-09-05,Medicamento,Infectologia,Merck Sharp & Dohme Farmacêutica,Vacina contra HPV,Processo encerrado: decisão de incorporação no SUS,Prevenção de câncer de colo do útero,Incorporação,2013-11-18
Externa,2012-09-12,Medicamento,Cardiovascular,Laboratórios Servier do Brasil,Ivabradina,Processo encerrado: decisão de não incorporação no SUS,Tratamento da angina estável em pacientes com contraindicação ou intolerância a betabloqueadores,Incorporação,2013-06-13
Externa,2012-09-13,Produto,Infectologia,Origem Química,NIM em óleo na forma de inseticida orgânico,Processo encerrado: por decisão da Conitec,Prevenção e combate ao mosquito Aedes aegypti,Incorporação,
Externa,2012-09-18,Medicamento,Reumatologia ,Laboratórios Ferring,Mesalazina saché 2g,Processo encerrado: decisão de não incorporação no SUS,Tratamento da retocolite ulcerativa,Incorporação,2013-08-26
Externa,2012-09-21,Produto,Parasitologia,Coloff Industrial,Coleta de material para exame laboratorial,Processo encerrado: por decisão da Conitec,Coleta de material para exame laboratorial,Incorporação,
Externa,2012-10-02,Produto,Parasitologia,Acuapura Indústria e Comércio,CLORIN,Processo encerrado: por decisão da Conitec,Desinfeção de água de consumo humano,Incorporação,
Externa,2012-10-16,Medicamento,Pneumologia,GlaxoSmithKline Brasil,Fluticasona,Processo encerrado: decisão de não incorporação no SUS,Tratamento da asma,Incorporação,2013-08-07
Externa,2012-10-16,Medicamento,Pneumologia,GlaxoSmithKline Brasil,Fluticasona,Processo encerrado: decisão de não incorporação no SUS,Tratamento da doença pulmonar obstrutiva crônica (DPOC),Incorporação,2013-08-07
Externa,2012-10-18,Medicamento,Infectologia,GlaxoSmithKline Brasil,Vacina de hepatite A,Processo encerrado: decisão de incorporação no SUS,Programa Nacional de Imunização (PNI),Incorporação,2013-01-21
Externa,2012-10-18,Medicamento,Oncologia,Produtos Roche Químicos e Farmacêuticos,Cloridrato de erlotinibe,Processo encerrado: decisão de incorporação no SUS,Tratamento do câncer de pulmão de células Nãopequenas avançado ou metastático mutação EGFR,Incorporação,2013-11-08
Externa,2012-10-29,Medicamento,Saúde da Mulher,Bayer,Sistema intrauterino liberador de levonorgestrel,Processo encerrado: decisão de não incorporação no SUS,Tratamento da menorragia idiopática,Incorporação,2013-07-04
Externa,2012-10-30,Medicamento,Pneumologia,Ministério Público Federal  Procuradoria da República no Paraná,Brometo de tiotrópio,Processo encerrado: decisão de não incorporação no SUS,Tratamento da Doença pulmonar obstrutiva crônica (DPOC),Incorporação,2013-08-07
Externa,2012-11-14,Medicamento,Ortopedia,Laboratórios Servier do Brasil,Ranelato de estrôncio,Processo encerrado: a pedido do demandante,Osteoporose pósmenopausa,Incorporação,
Externa,2012-11-14,Medicamento,Endocrinologia,Ministério Público Federal  Procuradoria da República em Minas Gerais,Sapropterina,Processo encerrado: decisão de não incorporação no SUS,Tratamento da hiperfenilalaninemia com deficiência de BH4,Incorporação,2013-08-07
Externa,2012-12-04,Medicamento,Nefrologia,Abbott Laboratórios do Brasil,Paricalcitol,Processo encerrado: decisão de não incorporação no SUS,Substituição ao calcitriol intravenoso,Incorporação,2013-08-26
Externa,2012-12-13,Medicamento,Oncologia,AstraZeneca do Brasil ,Gefitinibe,Processo encerrado: decisão de incorporação no SUS,"Tratamento do câncer de pulmão de células Não pequenas avançado ou metastático com mutação EGFR, em primeira linha",Incorporação,2013-11-08
Externa,2012-12-14,Medicamento,Ortopedia,Laboratórios Servier do Brasil,Ranelato de estrôncio,Processo encerrado: decisão de não incorporação no SUS,Tratamento da osteoporose,Incorporação,2013-08-07
Externa,2012-12-17,Medicamento,Nefrologia,Laboratório Químico Farmacêutico Bergamo,Cinacalcete,Processo encerrado: decisão de não incorporação no SUS,"Tratamento de pacientes com hiperparatireoidismo secundário à doença renal, em diálise e refratários à terapia convencional",Incorporação,2013-10-16
Externa,2012-12-19,Medicamento,Neurologia,Biogen Brasil Produtos Farmacêuticos ,Natalizumabe 300 mg,Processo encerrado: decisão de não incorporação no SUS,Esclerose múltipla remitente recorrente em segunda linha de tratamento.,Incorporação,2013-08-26
Externa,2013-03-04,Medicamento,Genética,Novartis Biociências,Canaquinumabe,Processo encerrado: decisão de não incorporação no SUS,Tratamento da síndrome periódicas associadas à criopirina (CAPS),Incorporação,2013-10-10
Externa,2013-03-11,Medicamento,Vascular,Advocacia Geral da União,Nadroparina,Processo encerrado: decisão de não incorporação no SUS,Tratamento de pacientes com tromboembolia pulmonar de repetição,Incorporação,2013-12-11
Externa,2013-03-12,Medicamento,Oncologia,Merck Sharp & Dohme Farmacêutica,Cetuximabe,Processo encerrado: decisão de não incorporação no SUS,Combinação com FOLFIRI ou FOLFOX no tratamento do câncer colorretal metastático KRAS selvagem com metástases hepáticas exclusivas irressecáveis,Incorporação,2013-12-11
Externa,2013-03-12,Medicamento,Oncologia,Merck Sharp & Dohme Farmacêutica,Cetuximabe,Processo encerrado: decisão de não incorporação no SUS,Tratamento do carcinoma de células escamosas de cabeça e pescoço localmente avançado,Incorporação,2013-12-11
Externa,2013-03-14,Produto,Cardiovascular,Sociedade Brasileira de Hemodinâmica e Cardiologia Intervencionista,Implante por cateter de bioprótese valvar aórtica (TAVI),Processo encerrado: decisão de não incorporação no SUS,Estenose valvar aórtica severa em pacientes inoperáveis,Incorporação,2014-01-30
Externa,2013-03-27,Produto,Cardiovascular,B.Braun Melsungen AG  Laboratórios B. Braun,Cateter balão de troca rápida,Processo encerrado: decisão de não incorporação no SUS,Reestenose coronariana intrastent,Incorporação,2014-01-30
Externa,2013-03-27,Medicamento,Reumatologia ,Takeda Pharma ,Mesalazina,Processo encerrado: a pedido do demandante,Antinflamatório de ação local na retocolite ulcerativa ativa leve a moderada,Incorporação,
Externa,2013-04-05,Medicamento,Saúde da Mulher,Novartis Biociências,Everolimo,Processo encerrado: decisão de não incorporação no SUS,Câncer de mama avançado na pósmenopausa,Incorporação,2014-01-30
Externa,2013-04-25,Medicamento,Endocrinologia,Novo Nordisk Farmacêutica do Brasil,Insulina detemir,Processo encerrado: a pedido do demandante,Diabetes mellitus tipo I,Incorporação,
Externa,2013-04-25,Medicamento,Endocrinologia,Novo Nordisk Farmacêutica do Brasil,Insulina detemir,Processo encerrado: a pedido do demandante,Diabetes mellitus tipo II,Incorporação,
Externa,2012-06-14,Medicamento,Infectologia,GlaxoSmithKline Brasil,"Vacina difteria, tétano e pertussis (acelular) dTpa",Processo encerrado: decisão de incorporação no SUS,Vacinação de gestantes,Incorporação,2013-09-11
Externa,2013-07-29,Medicamento,Oftalmologia,Novartis Biociências,Ranibizumabe,Processo encerrado: decisão de não incorporação no SUS,Degeneração macular relacionada à idade exsudativa,Incorporação,2015-04-10
Externa,2013-07-29,Medicamento,Neurologia,Novartis Biociências,Fingolimode,Processo encerrado: decisão de não incorporação no SUS,Esclerose múltipla 1ª e 2ª linha,Incorporação,2014-07-01
Externa,2013-08-01,Produto,Cardiovascular,Sociedade Brasileira de Hemodinâmica e Cardiologia Intervencionista,Stent farmacológico,Processo encerrado: decisão de incorporação no SUS,Doença arterial coronariana (DAC),Incorporação,2014-08-28
Externa,2013-08-02,Produto,Cardiovascular,Angelmed Internacional Produtos Médicos,Sistema Angelmed Guardian,Processo encerrado: decisão de não incorporação no SUS,Monitoramento ambulatorial de isquemia do miocárdio,Incorporação,2014-01-30
Externa,2013-09-30,Medicamento,Oncologia,Justiça Federal da 1ª Região  Seção Judiciária de Minas Gerais,Trióxido de arsênio,Processo encerrado: decisão de não incorporação no SUS,Leucemia promielocítica aguda (LPA),Incorporação,2014-12-17
Externa,2013-09-23,Produto,Obstetrícia,Koplast Ci,Teste qualitativo para detecção de fibronectina fetal,Processo encerrado: decisão de não incorporação no SUS,Diagnóstico do trabalho de parto prematuro,Incorporação,2015-04-10
Externa,2013-10-09,Produto,Nutrologia,Danone,Alimento para suplementação de nutrição enteral ou oral,Processo encerrado: decisão de não incorporação no SUS,Melhora da memória em pacientes com doença de Alzheimer na fase leve,Incorporação,2014-07-07
Externa,2013-10-18,Medicamento,Reumatologia ,Produtos Roche Químicos e Farmacêuticos,Tocilizumabe,Processo encerrado: decisão de não incorporação no SUS,Artrite reumatoide 1ª linha de tratamento com biológicos após falha a MMCDs sintéticos,Incorporação,2015-03-17
Externa,2013-10-25,Procedimento,Reumatologia ,Emergo Brazil Import,Transporte Renal,Processo encerrado: por decisão da Conitec,Acomodação/perfusão de rins transplantáveis sob temperatura e condições assépticas,Incorporação,
Externa,2013-11-21,Medicamento,Psiquiatria,Defensoria Pública da União no Rio Grande do Sul,Risperidona,Processo encerrado: decisão de incorporação no SUS,Transtorno do espectro do autismo (TEA),Ampliação de Uso,2014-09-18
Externa,2014-02-07,Medicamento,Psiquiatria,Ministério Público Federal  Procuradoria da República no Rio Grande do Sul,Risperidona,Processo encerrado: decisão de não incorporação no SUS,Dependência química transtornos mentais e comportamentais devido ao uso de substância psicoativa Cocaína/crack,Incorporação,2015-03-17
Externa,2014-03-13,Produto,Ortopedia,Ministério Público Federal  Procuradoria da República no Município de Rio Verde/GO,Hilano GF 20,Processo encerrado: decisão de não incorporação no SUS,Dor associada com a osteoartrose do joelho,Incorporação,2014-12-17
Externa,2014-03-31,Medicamento,Reumatologia ,Bristol Myers Squibb Farmacêutica,Abatacepte subcutâneo,Processo encerrado: decisão de incorporação no SUS,Artrite reumatoide moderada a grave,Incorporação,2015-03-17
Externa,2014-04-03,Medicamento,Pneumologia,AstraZeneca do Brasil ,Budesonida 200 mcg/formoterol 6mcg,Processo encerrado: decisão de não incorporação no SUS,Asma,Incorporação,2015-04-10
Externa,2014-06-10,Medicamento,Reumatologia ,Bristol Myers Squibb Farmacêutica,Abatacepte,Processo encerrado: decisão de não incorporação no SUS,2ª etapa (1ª etapa de biológicos) do tratamento da artrite reumatoide moderada a grave,Incorporação,2015-04-10
Externa,2014-07-14,Medicamento,Oncologia,Merck Sharp & Dohme Farmacêutica,Cetuximabe,Processo encerrado: decisão de não incorporação no SUS,Câncer de cabeça e pescoço metastático,Incorporação,2015-06-09
Externa,2014-08-01,Medicamento,Endocrinologia,Laboratórios Pfizer,Pegvisomanto,Processo encerrado: decisão de não incorporação no SUS,Acromegalia,Incorporação,2015-06-09
Externa,2014-09-01,Medicamento,Oncologia,Bionovis Companhia Brasileira de Biotecnologia Farmacêutica,Cetuximabe,Processo encerrado: decisão de não incorporação no SUS,Câncer de cabeça e pescoço metastático,Incorporação,2015-06-09
Externa,2014-09-19,Medicamento,Infectologia,Ministério Público Federal Procuradoria da República no Município de Bauru SP,Linezolida,Processo encerrado: por decisão da Conitec,Pacientes com sistema venoso fragilizado em consequência da quimio para neoplasia,Incorporação,
Externa,2014-10-06,Produto,Cardiovascular,Advocacia Geral da União Procuradoria Seccional da União em Uberlândia,Cateter balão farmacológico,Processo encerrado: decisão de não incorporação no SUS,Reestenose coronariana intrastent,Incorporação,2015-07-27
Externa,2014-10-07,Medicamento,Imunologia,Shire Farmacêutica Brasil,Icatibanto,Processo encerrado: decisão de não incorporação no SUS,Crise aguda moderada ou grave do angioedema hereditário,Incorporação,2015-07-15
Externa,2014-10-22,Medicamento,Oncologia,Sociedade Brasileira de Oncologia Pediátrica SOBOPE,Cloridrato de dexrazoxano,Processo encerrado: a pedido do demandante,Prevenção de cardiomiopatias associadas a utilização de antraciclinas,Incorporação,
Externa,2014-11-05,Medicamento,Nefrologia,Laboratório Químico Farmacêutico Bergamo,Cinacalcete,Processo encerrado: decisão de incorporação no SUS,Hiperparatireoidismo secundário (HPTS) à doença renal crônica,Incorporação,2015-09-30
Externa,2014-11-07,Medicamento,Infectologia,GlaxoSmithKline Brasil,Dolutegravir sódico,Processo encerrado: decisão de incorporação no SUS,3ª linha de tratamento da infecção pelo HIV (Vírus de imunodeficiência humana),Incorporação,2015-10-29
Externa,2014-11-25,Produto,Imunologia,Nestlé Brasil,Fórmula alimentar Agente imunomoduladores,Processo encerrado: decisão de não incorporação no SUS,Uso enteral ou oral no préoperatório de cirurgias oncológicas eletivas gastrointestinais de grande porte,Incorporação,2016-01-14
Externa,2014-12-15,Medicamento,Oncologia,Merck Sharp & Dohme Farmacêutica,Cetuximabe,Processo encerrado: decisão de não incorporação no SUS,"1ª linha de pacientes com câncer colorretal metastático com expressão de EGFR, sem mutação do gene RAS",Incorporação,2015-10-29
Externa,2014-12-17,Medicamento,Neurologia,Biogen Brasil Produtos Farmacêuticos ,Natalizumabe 300 mg,Processo encerrado: a pedido do demandante,1ª linha de tratamento para esclerose múltipla recorrente remitente (EMRR) de rápida evolução,Incorporação,
Externa,2014-12-19,Medicamento,Pneumologia,GlaxoSmithKline Brasil,Fluticasona,Processo encerrado: decisão de não incorporação no SUS,Redução dos sintomas e exacerbações da asma em pacientes tratados com broncodilatadores isolados ou outra terapia profilática,Incorporação,2015-09-30
Externa,2015-02-09,Procedimento,Oncologia,Sociedade Brasileira de Radioterapia  SBRT,Radioterapia de intensidade modulada (IMRT),Processo encerrado: decisão de não incorporação no SUS,Tumores de cabeça e pescoço em estágio inicial e localmente avançada,Incorporação,2017-04-12
Externa,2015-04-22,Medicamento,Infectologia,AbbVie Farmacêutica,"Veruprevir, ritonavir, ombitasvir e dasabuvir",Processo encerrado: decisão de não incorporação no SUS,Hepatite C crônica causada por infecção pelo genótipo 1 do HCV,Incorporação,2015-11-20
Externa,2015-04-24,Medicamento,Neurologia,Novartis Biociências,Rivastigmina adesivo transdérmico,Processo encerrado: decisão de não incorporação no SUS,Demência para doença de Alzheimer,Incorporação,2016-01-27
Externa,2015-08-14,Medicamento,Pneumologia,6ª Vara Federal de Sergipe,Tobramicina (Antibiótico Inalatório),Processo encerrado: decisão de incorporação no SUS,Infecção crônica por Pseudomonas aeruginosa das vias aéreas em pacientes com fibrose cística,Incorporação,2016-10-27
Externa,2015-08-21,Medicamento,Ginecologia,Federação Brasileira das Associações de Ginecologia e Obstetrícia ,Sistema intrauterino liberador de levonorgestrel (52 mg),Processo encerrado: decisão de não incorporação no SUS,Anticoncepção em mulheres de 15 a 19 anos de idade,Incorporação,2016-04-12
Externa,2015-08-21,Medicamento,Ginecologia,Federação Brasileira das Associações de Ginecologia e Obstetrícia ,Implante subdérmico de etonogestrel,Processo encerrado: decisão de não incorporação no SUS,Anticoncepção em mulheres de 15 a 19 anos de idade,Incorporação,2016-04-12
Externa,2015-08-25,Medicamento,Cardiovascular,Laboratório Servier do Brasil,Ivabradina,Processo encerrado: decisão de não incorporação no SUS,Insuficiência cardíaca crônica moderada a grave em indivíduos com frequência cardíaca ≥70 bpm e que toleram menos de 50% da dose alvo recomendada de agentes betabloqueadores,Incorporação,2016-05-27
Externa,2015-09-02,Produto,Hematologia,TBS Brasil,Teste de cadeia leve livre,Processo encerrado: decisão de não incorporação no SUS,Relação kappa/lambda para gamopatias monoclonais,Incorporação,2016-06-10
Externa,2015-09-08,Medicamento,Dermatologia,JanssenCilag Farmacêutica,Golimumabe,Processo encerrado: decisão de incorporação no SUS,Tratamento da artrite psoríaca,Incorporação,2016-04-12
Externa,2015-09-08,Medicamento,Dermatologia,JanssenCilag Farmacêutica,Golimumabe,Processo encerrado: decisão de incorporação no SUS,Tratamento da espondilite anquilosante,Incorporação,2016-05-27
Externa,2015-09-21,Medicamento,Cardiologia,Sociedade Brasileira de Oncologia Pediátrica SOBOPE,Dexrazoxano,Processo encerrado: decisão de não incorporação no SUS,Prevenção de cardiotoxicidade causada por antraciclinas em crianças,Incorporação,2016-06-10
Externa,2015-09-22,Medicamento,Pneumologia,Novartis Biociências,Omalizumabe,Processo encerrado: decisão de não incorporação no SUS,Asma alérgica grave,Incorporação,2016-07-08
Externa,2015-10-21,Medicamento,Reumatologia ,Produtos Roche Químicos e Farmacêuticos,Tocilizumabe,Processo encerrado: decisão de não incorporação no SUS,Monoterapia na 2ª etapa de tratamento da artrite reumatoide moderada a grave,Incorporação,2016-08-04
Externa,2015-11-12,Medicamento,Neurologia,Biogen Brasil Produtos Farmacêuticos ,Fumarato de dimetila,Processo encerrado: decisão de não incorporação no SUS,Esclerose múltipla remitente recorrente após a 1ª falha terapêutica,Incorporação,2016-08-04
Externa,2015-12-09,Produto,Oncologia,Carl Zeiss Meditec AG,Radioterapia intraoperatória,Processo encerrado: decisão de não incorporação no SUS,"Câncer de mama em estádios iniciais sem acometimento linfático axilar (0, I ou II com N0), em dose única, adjuvante à mastectomia parcial",Incorporação,2016-08-04
Externa,2016-04-05,Medicamento,Infectologia,AbbVie Farmacêutica,"Veruprevir, ritonavir, ombitasvir e dasabuvir",Processo encerrado: decisão de incorporação no SUS,Hepatite C crônica causada por infecção pelo genótipo 1 do HCV,Incorporação,2016-12-02
Externa,2016-04-04,Medicamento,Reumatologia ,Bristol Myers Squibb Farmacêutica,Abatacepte,Processo encerrado: decisão de não incorporação no SUS,Artrite reumatoide moderada a grave após a falha aos MMCDs sintéticos,Incorporação,2016-12-01
Externa,2016-04-12,Medicamento,Neurologia,Novartis Biociências,Fingolimode,Processo encerrado: decisão de incorporação no SUS,Esclerose múltipla remitente recorrente após falha terapêutica com betainterferona ou glatirâmer,Incorporação,2017-03-14
Externa,2016-05-04,Medicamento,Reumatologia ,Laboratórios Pfizer,Tofacitinibe,Processo encerrado: decisão de incorporação no SUS,Pacientes adultos com artrite reumatoide ativa moderada a grave com resposta inadequada a um ou mais medicamentos modificadores do curso da doença,Incorporação,2017-02-02
Externa,2016-05-11,Medicamento,Neurologia,Novartis Biociências,Rivastigmina adesivo transdérmico,Processo encerrado: decisão de incorporação no SUS,Demência leve e moderadamente grave do tipo Alzheimer,Incorporação,2016-08-04
Externa,2016-06-03,Medicamento,Endocrinologia,Sociedade Brasileira de Diabetes  SBD,"Insulina análogas de ação rápida (lispro, asparte ou glulisina)",Processo encerrado: decisão de incorporação no SUS,Diabetes mellitus tipo I,Incorporação,2017-02-22
Externa,2016-06-06,Medicamento,Oncologia,Produtos Roche Químicos e Farmacêuticos,Bevacizumabe,Processo encerrado: decisão de não incorporação no SUS,"Câncer de colo de útero persistente, recorrente ou metastático",Incorporação,2017-02-01
Externa,2016-06-07,Medicamento,Gastroenterologia,UCB Biopharma,Certolizumabe pegol,Processo encerrado: decisão de incorporação no SUS,Doença de Crohn moderada a grave,Incorporação,2017-01-05
Externa,2016-06-24,Medicamento,Hematologia,Laboratórios Pfizer,Alfanonacogue,Processo encerrado: decisão de não incorporação no SUS,Hemofilia B em pacientes menores de 19 anos de idade,Incorporação,2017-04-24
Externa,2016-07-27,Medicamento,Endocrinologia,Aspen Pharma Indústria Farmacêutica,Somatropina,Processo encerrado: decisão de incorporação no SUS,Deficiência do hormônio do crescimento Hipopituitarismo,Incorporação,2017-11-03
Externa,2016-07-27,Medicamento,Endocrinologia,Aspen Pharma Indústria Farmacêutica,Somatropina,Processo encerrado: decisão de incorporação no SUS,Tratamento de pacientes com síndrome de Turner e de pacientes com deficiência de hormônio de crescimento – Hipopituitarismo,Ampliação de Uso,2017-11-03
Externa,2016-07-29,Medicamento,Neurologia,UCB Biopharma,Levetiracetam,Processo encerrado: decisão de não incorporação no SUS,Monoterapia para epilepsia focal em pacientes com falha no tratamento com carbamazepina,Incorporação,2017-02-22
Externa,2016-08-22,Medicamento,Hematologia,Produtos Roche Químicos e Farmacêuticos,Rituximabe subcutâneo,Processo encerrado: decisão de não incorporação no SUS,"Linfoma Não Hodgkin difuso de grandes células B, CD20 positivo em combinação à quimioterapia",Incorporação,2018-07-11
Externa,2016-08-22,Medicamento,Hematologia,Produtos Roche Químicos e Farmacêuticos,Rituximabe subcutâneo,Processo encerrado: decisão de não incorporação no SUS,"Linfoma Não Hodgkin de células B, folicular, CD20 positivo Não tratado previamente, em combinação com quimioterapia",Incorporação,2018-07-11
Externa,2016-08-30,Medicamento,Neurologia,Genzyme do Brasil,Teriflunomida,Processo encerrado: decisão de incorporação no SUS,1ª linha de tratamento da esclerose múltipla remitente recorrente,Incorporação,2017-04-24
Externa,2017-08-30,Procedimento,Endocrinologia,Sociedade Brasileira de Medicina Hiperbárica SBMH,Oxigenação Hiperbárica (OHB),Processo encerrado: decisão de não incorporação no SUS,Pé diabético,Incorporação,2018-10-31
Externa,2016-09-30,Produto,Cardiovascular,Biotronik Comercial Médica -  monitoramento remoto para avaliação,Tecnologia de monitoramento remoto,Processo encerrado: decisão de incorporação no SUS,Avaliação remota de pacientes portadores de dispositivos cardíacos eletrônicos implantáveis (DCEI),Incorporação,2017-08-03
Externa,2016-10-03,Medicamento,Oncologia,Produtos Roche Químicos e Farmacêuticos,Pertuzumabe,Processo encerrado: decisão de incorporação no SUS,Câncer de mama HER2positivo metastático em primeira linha de tratamento associado ao trastuzumabe e docetaxel,Incorporação,2017-12-06
Externa,2016-10-11,Medicamento,Neurologia,Teva Farmacêutica,Mesilato de rasagilina em combinação com levodopa,Processo encerrado: decisão de incorporação no SUS,Tratamento de pacientes com doença de Parkinson com complicações motoras,Incorporação,2017-08-03
Externa,2016-10-25,Medicamento,Infectologia,Merck Sharp & Dohme Farmacêutica,Raltegravir,Processo encerrado: decisão de incorporação no SUS,Primeira linha de tratamento de pessoas vivendo com HIV/Aids,Incorporação,2017-09-04
Externa,2016-10-31,Medicamento,Neurologia,UCB Biopharma,Levetiracetam,Processo encerrado: decisão de incorporação no SUS,Tratamento da Epilepsia,Incorporação,2017-08-03
Externa,2016-11-03,Medicamento,Neurologia,Biogen Brasil Produtos Farmacêuticos ,Fumarato de dimetila,Processo encerrado: decisão de incorporação no SUS,Tratamento da esclerose múltipla remitente recorrente após falha com betainterferona ou glatirâmer,Incorporação,2017-09-04
Externa,2016-12-13,Medicamento,Psiquiatria,Genzyme do Brasil,Alentuzumabe,Processo encerrado: decisão de não incorporação no SUS,Tratamento da esclerose múltipla remitenterecorrente após falha terapêutica da betainterferona ou glatirâmer,Incorporação,2017-10-11
Externa,2016-12-16,Medicamento,Hepatologia,2ª Vara Federal Cível de São Paulo,Aspartato de ornitina,Processo encerrado: decisão de não incorporação no SUS,Tratamento de hiperamonemia produzida por doenças hepáticas agudas e crônicas,Incorporação,2017-09-04
Externa,2016-12-27,Produto,Oncologia,Real e Benemérita Associação Portuguesa de Beneficência ,Sistema cirúrgico robótico,Processo encerrado: decisão de não incorporação no SUS,Cirurgias minimamente invasivas Prostatectomia radical,Incorporação,2018-12-13
Externa,2017-02-22,Medicamento,Neurologia,Laboratórios Pfizer,Tafamidis meglumina,Processo encerrado: decisão de incorporação no SUS,Tratamento da polineuropatia amiloidótica familiar relacionada à proteína transtirretina,Incorporação,2018-01-18
Externa,2017-03-23,Medicamento,Reumatologia ,UCB Biopharma,Certolizumabe pegol,Processo encerrado: decisão de incorporação no SUS,Tratamento de espondiloartrite axial,Incorporação,2017-12-20
Externa,2017-04-10,Produto,Dermatologia,I.P.F.B. Indústria de Produtos Farmacêuticos e Biotecnológicos,Membrana de biocelulose,Processo encerrado: decisão de não incorporação no SUS,"Tratamento de: lesões cutâneas com perda de pele, úlceras venosas e arteriais, lesões por pressão, queimaduras de segundo grau e áreas doadoras de enxerto",Incorporação,2018-01-25
Externa,2017-04-10,Medicamento,Reumatologia ,Novartis Biociências,Secuquinumabe,Processo encerrado: decisão de incorporação no SUS,Espondilite anquilosante ativa,Incorporação,2018-01-17
Externa,2017-04-11,Medicamento,Reumatologia ,Novartis Biociências,Secuquinumabe,Processo encerrado: decisão de incorporação no SUS,Tratamento de artrite psoríaca em pacientes adultos com resposta inadequada a medicamentos modificadores do curso da doença sintéticos ou biológicos da classe antiTNF,Incorporação,2017-12-25
Externa,2017-04-12,Medicamento,Reumatologia ,JanssenCilag Farmacêutica,Ustequinumabe,Processo encerrado: decisão de não incorporação no SUS,Tratamento de pacientes adultos com artrite psoriásica ativa que apresentaram resposta inadequada aos medicamentos modificadores do curso da doença,Incorporação,2018-01-25
Externa,2017-04-13,Medicamento,Reumatologia ,UCB Biopharma,Certolizumabe pegol,Processo encerrado: decisão de não incorporação no SUS,Artrite psoríaca,Incorporação,2018-01-25
Externa,2017-04-27,Medicamento,Oncologia,Merck Sharp & Dohme Farmacêutica,Cetuximabe,Processo encerrado: decisão de não incorporação no SUS,Tratamento do câncer colorretal metastático RAS selvagem com doença limitada ao fígado em primeira linha,Incorporação,2018-01-25
Externa,2017-05-23,Medicamento,Oncologia,Sociedade Brasileira de Oncologia Clínica,Ipilimumabe,Processo encerrado: decisão de não incorporação no SUS,Tratamento de pacientes com melanoma metastático com progressão após quimioterapia,Incorporação,2018-10-31
Externa,2017-06-16,Medicamento,Neurologia,UCB Biopharma,Lacosamida,Processo encerrado: decisão de não incorporação no SUS,Terapia aditiva em pacientes com epilepsia focal refratários aos tratamentos prévios com os fármacos antiepilépticos disponíveis no SUS,Incorporação,2018-04-30
Externa,2017-06-28,Medicamento,Oncologia,Beaufour Ipsen Farmacêutica,Acetato de lanreotida,Processo encerrado: decisão de não incorporação no SUS,Tratamento de tumores neuroendócrinos gastroenteropancreáticos,Incorporação,2018-04-30
Externa,2017-08-03,Medicamento,Neurologia,UCB Biopharma,Rotigotina,Processo encerrado: a pedido do demandante,Doença de Parkinson idiopática,Incorporação,
Externa,2017-09-18,Medicamento,Cardiovascular,Amgen Biotecnologia do Brasil ,Evolocumabe,Processo encerrado: decisão de não incorporação no SUS,Tratamento de pacientes com hipercolesterolemia familiar homozigótica (HFHo),Incorporação,2018-12-13
Externa,2017-09-18,Medicamento,Cardiovascular,Amgen Biotecnologia do Brasil ,Romiplostim,Processo encerrado: decisão de não incorporação no SUS,Púrpura trombocitopênica idiopática (PTI) crônica e refratária em alto risco de sangramento,Incorporação,2018-12-12
Externa,2017-09-21,Medicamento,Saúde da Mulher,Biolab Sanus Farmacêutica,Ácido fólico 400 mcg + acetato de dextroalfatocoferol 10 mg,Processo encerrado: decisão de não incorporação no SUS,"Prevenção de distúrbios do tubo neural relacionados a deficiência de ácido fólico, para mulheres em idade fértil",Incorporação,2018-08-29
Externa,2017-09-21,Medicamento,Nutrologia,Biolab Sanus Farmacêutica,Fórmula nutricional a base de arroz,Processo encerrado: decisão de não incorporação no SUS,Crianças com alergia à proteína do leite de vaca,Incorporação,2018-09-12
Externa,2017-09-29,Medicamento,Infectologia,AbbVie Farmacêutica,Glecaprevir/Pibrentasvir,Processo encerrado: a pedido do demandante,Hepatite C crônica,Incorporação,
Externa,2017-10-31,Medicamento,Pneumologia,Bayer,Riociguate,Processo encerrado: decisão de não incorporação no SUS,Hipertensão pulmonar tromboembólica crônica (HPTEC) inoperável ou persistente/recorrente,Incorporação,2018-12-17
Externa,2017-11-20,Produto,Endocrinologia,Roche Diabetes Care Brasil,Infusão contínua de insulina,Processo encerrado: decisão de não incorporação no SUS,Tratamento de segunda linha de pacientes com diabetes mellitus tipo 1,Incorporação,2018-09-12
Externa,2017-12-02,Medicamento,Oncologia,Bayer,Tosilato de sorafenibe,Processo encerrado: decisão de não incorporação no SUS,Para carcinoma hepatocelular (CHC) avançado irresecável,Incorporação,2018-08-29
Externa,2017-12-06,Medicamento,Hepatologia,Merck Sharp & Dohme Farmacêutica,Elbasvir e grazoprevir,Processo encerrado: decisão de incorporação no SUS,Tratamento de adultos com hepatite C crônica infectados pelos genótipos 1 e 4,Incorporação,2018-03-15
Externa,2017-12-08,Produto,Neurologia,Livanova Brasil,Gerador de pulso para nervo vago,Processo encerrado: decisão de incorporação no SUS,"Terapia adjuvante de pacientes pediátricos com epilepsia resistente a medicamentos, sem indicação para cirurgia ressectiva de epilepsia",Incorporação,2018-09-12
Externa,2017-12-20,Medicamento,Pneumologia,Boehringer Ingelheim do Brasil Química e Farmacêutica,Esilato de nintedanibe,Processo encerrado: decisão de não incorporação no SUS,Tratamento de fibrose pulmonar idiopática (FPI),Incorporação,2018-12-26
Externa,2018-01-04,Medicamento,Hepatologia,Gilead Sciences Farmacêutica do Brasil ,Ledipasvir/sofosbuvir,Processo encerrado: decisão de incorporação no SUS,Tratamento de pacientes adultos com hepatite C crônica infectados por vírus de genótipo,Incorporação,2018-03-15
Externa,2018-03-05,Medicamento,Pneumologia,Laboratórios Pfizer,Tartarato de vareniclina,Processo encerrado: decisão de não incorporação no SUS,Tratamento adjuvante da cessação do tabagismo em pacientes adultos com doença pulmonar obstrutiva crônica ou doenças cardiovasculares,Incorporação,2018-10-17
Externa,2018-03-12,Medicamento,Hepatologia,Zambon Laboratórios Farmacêuticos,Ácido ursodesoxicólico,Processo encerrado: decisão de incorporação no SUS,Colangite biliar primária,Incorporação,2018-10-16
Externa,2018-03-12,Medicamento,Oncologia,Sociedade Brasileira de Oncologia Clínica,Malato de sunitinibe,Processo encerrado: decisão de incorporação no SUS,Tratamento de pacientes portadores de carcinoma renal de células claras metastático,Incorporação,2018-12-28
Externa,2018-03-12,Medicamento,Oncologia,Sociedade Brasileira de Oncologia Clínica,Cloridrato de pazopanibe,Processo encerrado: decisão de incorporação no SUS,Tratamento de pacientes portadores de carcinoma renal de células claras metastático,Incorporação,2018-12-28
Externa,2018-03-19,Medicamento,Oftalmologia,AbbVie Farmacêutica,Adalimumabe,Processo encerrado: decisão de incorporação no SUS,"Uveítes Não infecciosa intermediária, posterior e panuveítes ativa",Incorporação,2018-10-31
Externa,2018-03-19,Medicamento,Oftalmologia,AbbVie Farmacêutica,Adalimumabe,Processo encerrado: decisão de não incorporação no SUS,"Uveítes Não infecciosa intermediária, posterior e panuveítes inativa",Incorporação,2018-10-31
Externa,2018-03-20,Medicamento,Dermatologia,AbbVie Farmacêutica,Adalimumabe,Processo encerrado: decisão de incorporação no SUS,Tratamento da hidradenite supurativa ativa moderada a grave,Incorporação,2018-10-17
Externa,2018-03-26,Medicamento,Nefrologia,Astellas Farma Brasil Importação e Distribuição de Medicamentos,Tacrolimo de liberação prolongada,Processo encerrado: decisão de não incorporação no SUS,Profilaxia da rejeição em transplante renal,Incorporação,2018-12-17
Externa,2018-03-26,Medicamento,Hepatologia,Astellas Farma Brasil Importação e Distribuição de Medicamentos,Tacrolimo de liberação prolongada,Processo encerrado: decisão de não incorporação no SUS,Profilaxia da rejeição em transplante hepático,Incorporação,2018-12-17
Externa,2018-03-26,Medicamento,Neurologia,Sanofiaventis Farmacêutica,Alentuzumabe,Processo encerrado: decisão de não incorporação no SUS,Tratamento da esclerose múltipla remitente recorrente após falha terapêutica a duas ou mais terapias,Incorporação,2018-12-17
Externa,2018-04-05,Medicamento,Cardiovascular,Boehringer Ingelheim do Brasil Química e Farmacêutica,Empagliflozina,Processo encerrado: decisão de não incorporação no SUS,"Tratamento de pacientes diabéticos tipo 2 e doença cardiovascular estabelecida, com objetivo de prevenção de morte",Incorporação,2018-12-12
Externa,2018-04-17,Medicamento,Hematologia,Biogen Brasil Produtos Farmacêuticos ,Alfaeftrenonacogue,Processo encerrado: decisão de não incorporação no SUS,Hemofilia B,Incorporação,2019-02-22
Externa,2018-04-18,Medicamento,Infectologia,AbbVie Farmacêutica,Glecaprevir associado à pibrentasvir,Processo encerrado: decisão de incorporação no SUS,Hepatite C crônica,Incorporação,2018-08-29
Externa,2018-04-19,Produto,Nefrologia,Coloplast do Brasil,Cateter hidrofílico para cateterismo vesical intermitente,Processo encerrado: decisão de incorporação no SUS,Lesão medular e bexiga neurogênica,Incorporação,2019-07-25
Externa,2018-04-30,Medicamento,Genética,BioMarin Brasil Farmacêutica,Galsulfase,Processo encerrado: decisão de incorporação no SUS,Tratamento da mucopolissacaridose tipo VI,Incorporação,2018-12-20
Externa,2018-04-30,Medicamento,Genética,BioMarin Brasil Farmacêutica,Alfaelosulfase,Processo encerrado: decisão de incorporação no SUS,Pacientes com mucopolissacaridose tipo IVa (Síndrome de Morquio A),Incorporação,2018-12-20
Externa,2018-05-03,Medicamento,Neurologia,Teva Farmacêutica,Acetato de glatirâmer 400 mg,Processo encerrado: decisão de incorporação no SUS,Tratamento da esclerose múltipla remitente recorrente,Incorporação,2018-12-20
Externa,2018-05-04,Medicamento,Imunologia,Laboratórios Pfizer,Vacina pneumocócica 13 valente conjugada,Processo encerrado: decisão de incorporação no SUS,Doenças pneumocócicas em pacientes de risco,Incorporação,2019-03-06
Externa,2018-05-18,Medicamento,Hematologia,Biogen Brasil Produtos Farmacêuticos ,Alfaefmoroctocogue Fator VIII recombinante,Processo encerrado: decisão de não incorporação no SUS,Indução de imunotolerância em pacientes com hemofilia A e inibidores,Incorporação,2019-02-22
Externa,2018-05-23,Medicamento,Pneumologia,Produtos Roche Químicos e Farmacêuticos,Pirfenidona,Processo encerrado: decisão de não incorporação no SUS,Tratamento da fibrose pulmonar idiopática,Incorporação,2018-12-26
Externa,2018-06-11,Medicamento,Neurologia,Laboratórios Pierre Fabre do Brasil,"Cloridrato de Propranolol (solução oral 3,75 mg/mL)",Processo encerrado: decisão de não incorporação no SUS,Pacientes com hemangioma infantil,Incorporação,2018-12-28
Externa,2018-06-29,Medicamento,Cardiovascular,Boehringer Ingelheim do Brasil Química e Farmacêutica,Dabigatrana,Processo encerrado: decisão de não incorporação no SUS,Prevenção de acidente vascular cerebral (AVC),Incorporação,2019-02-26
Externa,2018-06-29,Medicamento,Cardiovascular,Boehringer Ingelheim do Brasil Química e Farmacêutica,Idarucizumabe,Processo encerrado: decisão de não incorporação no SUS,Reversão do efeito anticoagulante da dabigatrana,Incorporação,2019-02-26
Externa,2018-07-16,Medicamento,Oncologia,Takeda Pharma ,Brentuximabe Vedotina,Processo encerrado: decisão de incorporação no SUS,Tratamento de pacientes adultos com linfoma de Hodgkin cd30+ refratário ou recidivado após transplante autólogo de células tronco,Incorporação,2019-03-13
Externa,2018-07-20,Medicamento,Hepatologia,Gilead Sciences Farmacêutica do Brasil ,Sofosbuvir em associação a velpatasvir,Processo encerrado: decisão de incorporação no SUS,Hepatite C crônica,Incorporação,2018-10-16
Externa,2018-07-24,Produto,Cardiologia,4ª Vara Federal de Porto Alegre,Meias elásticas compressivas,Processo encerrado: decisão de não incorporação no SUS,Insuficiência venosa crônica classificação CEAP 5,Incorporação,2019-07-23
Externa,2018-08-03,Medicamento,Cardiologia,Novartis Biociências,Sacubitril/valsartana,Processo encerrado: decisão de incorporação no SUS,Pacientes adultos com insuficiência cardíaca crônica sintomática (NYHA classe IIIV) com fração de ejeção reduzida,Incorporação,2019-08-09
Externa,2018-08-12,Medicamento,Neurologia,Produtos Roche Químicos e Farmacêuticos,Ocrelizumabe,Processo encerrado: decisão de não incorporação no SUS,Tratamento de Esclerose múltipla primariamente,Incorporação,2019-04-22
Externa,2018-08-12,Medicamento,Neurologia,Produtos Roche Químicos e Farmacêuticos,Ocrelizumabe,Processo encerrado: decisão de não incorporação no SUS,Formas recorrentes de esclerose múltipla (EMR),Incorporação,2019-04-22
Externa,2018-08-13,Medicamento,Oncologia,22ª Vara Federal em Belo Horizonte,Acetato de ciproterona,Processo encerrado: decisão de não incorporação no SUS,Pacientes com adenocarcinoma de próstata resistente à castração,Incorporação,2019-04-23
Externa,2018-11-07,Medicamento,Gastroenterologia,Takeda Pharma ,Vedolizumabe,Processo encerrado: decisão de não incorporação no SUS,Para Doença de Crohn.,Incorporação,2019-05-27
Externa,2018-11-13,Procedimento,Dermatologia,Universidade de São Paulo,Terapia fotodinâmica,Processo encerrado: decisão de não incorporação no SUS,Tratamento de lesões de pele não melanoma do tipo carcinoma basocelular superficial.,Incorporação,2020-03-05
Externa,2019-01-22,Medicamento,Neurologia,Biogen Brasil Produtos Farmacêuticos ,Nusinersena,Processo encerrado: decisão de incorporação no SUS,Atrofia muscular espinhal 5q (AME).,Incorporação,2019-04-25
Externa,2019-02-07,Medicamento,Oftalmologia,Bayer,Aflibercepte,Processo encerrado: decisão de incorporação no SUS,Edema macular diabético.,Incorporação,2019-11-06
Externa,2019-03-01,Medicamento,Reumatologia ,Novartis Biociências,Secuquinumabe,Processo encerrado: decisão de não incorporação no SUS,Tratamento da artrite psoríaca ativa em pacientes adultos na primeira etapa de terapia biológica.,Incorporação,2019-11-06
Externa,2019-03-02,Medicamento,Reumatologia ,Novartis Biociências,Secuquinumabe,Processo encerrado: decisão de não incorporação no SUS,Primeira etapa de terapia biológica para o tratamento da espondilite anquilosante ativa em pacientes adultos.,Incorporação,2019-11-06
Externa,2019-03-26,Medicamento,Hematologia,Produtos Roche Químicos e Farmacêuticos,Emicizumabe,Processo encerrado: decisão de incorporação no SUS,Tratamento de indivíduos com hemofilia A e inibidores ao fator VIII refratários ao tratamento de imunotolerância.,Incorporação,2019-11-28
Externa,2019-04-05,Medicamento,Imunologia,Novartis Biociências,Secuquinumabe,Processo encerrado: decisão de não incorporação no SUS,Psoríase moderada a grave.,Incorporação,2019-10-17
Externa,2019-04-05,Medicamento,Pneumologia,Novartis Biociências,Omalizumabe,Processo encerrado: decisão de incorporação no SUS,Asma alérgica grave Não controlada apesar do uso de corticoide inalatório associado a um beta2 agonista de longa ação.,Incorporação,2019-12-30
Externa,2019-04-24,Medicamento,Reumatologia ,UCB Biopharma ,Certolizumabe pegol,Processo encerrado: decisão de incorporação no SUS,Tratamento de artrite psoríaca.,Incorporação,2019-11-20
Externa,2019-04-30,Procedimento,Ginecologia,Capricorn Technologies do Brasil ,Citologia em meio líquido,Processo encerrado: decisão de incorporação no SUS,Rastreamento de câncer de colo de útero e lesões precursoras.,Incorporação,2019-12-16
Externa,2019-05-06,Medicamento,Neurologia,Biogen Brasil Produtos Farmacêuticos ,Fumarato de Dimetila,Processo encerrado: decisão de incorporação no SUS,Tratamento de primeira linha da esclerose múltipla remitente recorrente.,Incorporação,2019-12-30
Externa,2019-05-20,Medicamento,Gastroenterologia,Takeda Pharma ,Vedolizumabe,Processo encerrado: decisão de incorporação no SUS,"Retocolite ulcerativa moderada a grave, limitados ao custo do tratamento com infliximabe.",Incorporação,2019-10-23
Externa,2019-05-22,Medicamento,Pneumologia,Bayer,Riociguate,Processo encerrado: decisão de não incorporação no SUS,Hipertensão pulmonar tromboembólica crônica inoperável ou persistente/recorrente após tratamento cirúrgico.,Incorporação,2020-03-31
Externa,2019-05-30,Medicamento,Endocrinologia,Associação Brasileira para o Estudo da Obesidade e Síndrome Metabólica,Sibutramina,Processo encerrado: decisão de não incorporação no SUS,Tratamento dos pacientes com obesidade.,Incorporação,2020-04-24
Externa,2019-07-12,Medicamento,Reumatologia ,Eli Lilly do Brasil,Baricitinibe,Processo encerrado: decisão de incorporação no SUS,"Artrite reumatoide ativa, moderada a grave.",Incorporação,2020-03-12
Externa,2019-08-02,Medicamento,Reumatologia ,Laboratórios Pfizer,Citrato de tofacitinibe,Processo encerrado: decisão de incorporação no SUS,Tratamento de pacientes adultos com artrite psoríaca ativa moderada a grave intolerantes ou com falha terapêutica aos medicamentos modificadores do curso da doença sintéticos ou biológicos.,Incorporação,2020-08-20
Externa,2019-08-19,Medicamento,Genética,Laboratórios Pfizer,Tofacitinibe,Processo encerrado: decisão de não incorporação no SUS,"Tratamento da retocolite ulcerativa moderada a grave em pacientes adultos com resposta inadequada, perda de resposta ou intolerantes ao tratamento prévio com medicamentos sintéticos, convencionais ou biológicos.",Incorporação,2020-08-05
Externa,2019-08-22,Medicamento,Hematologia,Associação Brasileira de Hematologia Hemoterapia e Terapia Celular ABHH,Ruxolitinibe,Processo encerrado: decisão de não incorporação no SUS,"Tratamento de pacientes com mielofibrose primária, mielofibrose pós policitemia vera ou mielofibrose pós trombocitemia essencial, de risco intermediário2 ou alto.",Incorporação,2020-06-16
Externa,2019-09-03,Medicamento,Hematologia,3ª Vara Federal de Curitiba,Bortezomibe,Processo encerrado: decisão de incorporação no SUS,Mieloma múltiplo.,Incorporação,2020-09-29
Externa,2019-09-10,Medicamento,Genética,Ultragenyx Brasil Farmacêutica ,Alfavestronidase,Processo encerrado: decisão de incorporação no SUS,Tratamento da Mucopolissacaridose VII (Síndrome de Sly).,Incorporação,2020-08-11
Externa,2019-09-30,Medicamento,Reumatologia ,Eli Lilly do Brasil,Ixequizumabe,Processo encerrado: decisão de não incorporação no SUS,Tratamento de pacientes adultos com artrite psoríaca ativa com resposta insuficiente ou intolerante ao tratamento com um ou mais medicamentos modificadores do curso da doença.,Incorporação,2020-08-20
Externa,2019-09-30,Medicamento,Dermatologia,Eli Lilly do Brasil,Ixequizumabe,Processo encerrado: decisão de não incorporação no SUS,"Tratamento de pacientes adultos com psoríase moderada a grave, que tenham apresentado falha terapêutica, contraindicação ou intolerância ao adalimumabe.",Incorporação,2020-08-20
Externa,2019-10-09,Medicamento,Dermatologia,AbbVie Farmacêutica ,Risanquizumabe,Processo encerrado: decisão de incorporação no SUS,Tratamento de pacientes adultos com psoríase em placas moderada a grave.,Incorporação,2020-09-21
Externa,2019-10-20,Medicamento,Oncologia,Bristol Myers Squibb Farmacêutica,Nivolumabe,Processo encerrado: decisão de incorporação no SUS,Tratamento de primeira linha do melanoma avançado não cirúrgico e metastático.,Incorporação,2020-08-05
Externa,2019-10-23,Medicamento,Pneumologia,Laboratórios Pfizer,Sirolimo,Processo encerrado: decisão de incorporação no SUS,Tratamento de indíviudos com linfangioleiomiomatose (LAM).,Ampliação de Uso,2020-08-05
Externa,2019-11-22,Medicamento,Oftalmologia,Novartis Biociências,Ranibizumabe,Processo encerrado: decisão de incorporação no SUS,Tratamento de Edema Macular Diabético (EMD).,Incorporação,2020-09-21
Externa,2019-11-26,Medicamento,Cardiovascular,Boehringer Ingelheim do Brasil Química e Farmacêutica ,Dabigatrana,Processo encerrado: decisão de não incorporação no SUS,Prevenção do acidente vascular cerebral (AVC) em pacientes acima de 60 anos com fibrilação atrial Não valvar que Não conseguem permanecer na faixa terapêutica de RNI com varfarina e e idarucizumabe para reversão do efeito anticoagulante da dabigatrana.,Incorporação,2020-10-01
Externa,2019-11-27,Medicamento,Genética,Shire Farmacêutica Brasil ,Alfagalsidase,Processo encerrado: decisão de não incorporação no SUS,Tratamento da doença de Fabry.,Incorporação,2020-11-24
Externa,2019-11-28,Medicamento,Hematologia,AbbVie Farmacêutica ,Venetoclax em combinação com azacitidina,Processo encerrado: a pedido do demandante,Pacientes recémdiagnosticados com leucemia mieloide aguda inelegíveis à quimioterapia intensiva.,Incorporação,
Externa,2019-12-03,Medicamento,Neurologia,Biogen Brasil Produtos Farmacêuticos ,Natalizumabe,Processo encerrado: decisão de incorporação no SUS,Tratamento de pacientes com esclerose múltipla remitenterecorrente com alta atividade de doença.,Ampliação de Uso,2020-11-13
Externa,2019-12-17,Medicamento,Oncologia,Sociedade Brasileira de Oncologia Clínica,Nivolumabe,Processo encerrado: decisão de incorporação no SUS,Tratamento de primeira linha do melanoma avançado não cirúrgico e metastático.,Incorporação,2020-08-05
Externa,2019-12-17,Medicamento,Oncologia,Sociedade Brasileira de Oncologia Clínica,Pembrolizumabe,Processo encerrado: decisão de incorporação no SUS,Tratamento de primeira linha do melanoma avançado Não cirúrgico e metastático.,Incorporação,2020-08-05
Externa,2019-12-18,Medicamento,Pneumologia,Vertex Farmacêutica do Brasil ,Ivacaftor,Processo encerrado: decisão de incorporação no SUS,"Pacientes acima de 6 anos que apresentem uma das seguintes mutações de gating (classe III), G55ID, G1244E, G1349D, G178R, G551S, S1251N, S1255P, S549N ou S549R.",Incorporação,2020-12-31
Externa,2019-12-18,Medicamento,Pneumologia,Vertex Farmacêutica do Brasil ,Lumacaftor + Ivacaftor,Processo encerrado: decisão de não incorporação no SUS,tratamento de pacientes com fibrose cística homozigótica para a mutação F508del.,Incorporação,2020-12-03
Externa,2019-12-20,Medicamento,Neurologia,Produtos Roche Químicos e Farmacêuticos,Ocrelizumabe,Processo encerrado: decisão de não incorporação no SUS,Tratamento de pacientes adultos com esclerose múltipla remitenterecorrente (EMRR) como alternativa ou contraindicação ao natalizumabe.,Incorporação,2020-09-22
Externa,2020-01-29,Medicamento,Hematologia,Associação Brasileira de Hematologia Hemoterapia e Terapia Celular ABHH,Bortezomibe,Processo encerrado: decisão de incorporação no SUS,"Tratamento do mieloma múltiplo em pacientes adultos, Não previamente tratados, elegíveis ao transplante autólogo de célulastronco hematopoiética.",Incorporação,2020-09-28
Externa,2020-01-29,Medicamento,Hematologia,Associação Brasileira de Hematologia Hemoterapia e Terapia Celular ABHH,Bortezomibe,Processo encerrado: decisão de incorporação no SUS,"Tratamento do mieloma múltiplo em pacientes adultos, Não previamente tratados, inelegíveis ao transplante autólogo de célulastronco hematopoiéticas.",Incorporação,2020-09-28
Externa,2020-01-29,Medicamento,Hematologia,Associação Brasileira de Hematologia Hemoterapia e Terapia Celular ABHH,Bortezomibe,Processo encerrado: decisão de incorporação no SUS,Tratamento do mieloma múltiplo em pacientes adultos previamente tratados.,Incorporação,2020-09-28
Externa,2020-02-04,Procedimento,Oftalmologia,Sociedade Brasileira de Glaucoma,Exame de tomografia de coerência óptica,Processo encerrado: decisão de incorporação no SUS,Para confirmação diagnóstica de glaucoma.,Ampliação de Uso,2020-11-13
Externa,2020-02-12,Medicamento,Oftalmologia,Allergan Produtos Farmacêuticos ,Implante biodegradável de dexametasona,Processo encerrado: decisão de não incorporação no SUS,Tratamento do edema macular diabético em pacientes Não responsivos à terapia prévia com antiVEGF.,Incorporação,2020-11-30
Externa,2020-02-13,Medicamento,Cardiovascular,Daiichi Sankyo Brasil Farmacêutica ,Cloridrato de Prasugrel,Processo encerrado: decisão de não incorporação no SUS,Redução de eventos aterotrombóticos em pacientes diabéticos com síndrome coronariana aguda que realizaram angioplastia coronariana primária.,Incorporação,2020-12-02
Externa,2020-03-02,Medicamento,Genética,Sanofi Medley Farmacêutica,Betaagalsidase,Processo encerrado: decisão de não incorporação no SUS,Tratamento da doença de Fabry.,Incorporação,2020-11-24
Externa,2020-03-12,Produto,Infectologia,Sociedade Brasileira de Patologia Clínica/Medicina Laboratorial,Teste de liberação interferongama (IGRA),Processo encerrado: decisão de incorporação no SUS,Detecção de tuberculose latente em pacientes imunocomprometidos.,Incorporação,2020-11-13
Externa,2020-04-17,Medicamento,Oncologia,Beaufour Ipsen Farmacêutica,Cabozantinibe,Processo encerrado: decisão de não incorporação no SUS,Tratamento de primeira linha de câncer renal avançado.,Incorporação,2020-11-13
Externa,2020-04-17,Medicamento,Neurologia,Beaufour Ipsen Farmacêutica,Tetraidrocanabinol 27 mg/ml + canabidiol 25 mg/ml,Processo encerrado: decisão de não incorporação no SUS,Tratamento sintomático da espasticidade moderada a grave relacionada à esclerose múltipla.,Incorporação,2020-11-30
Externa,2020-05-05,Medicamento,Ginecologia,Schering Plough Indústria Farmacêutica ,Implante subdérmico de etonogestrel,Processo encerrado: decisão de incorporação no SUS,Prevenção da gravidez Não planejada por mulheres adultas em idade reprodutiva entre 18 e 49 anos.,Incorporação,2021-04-22
Externa,2020-05-14,Produto,Cardiologia,4ª Vara Federal de Porto Alegre,Meias elásticas de compressão,Processo encerrado: decisão de não incorporação no SUS,Tratamento de pacientes com linfedema de membros inferiores.,Incorporação,2021-02-22
Externa,2020-06-19,Medicamento,Reumatologia ,AbbVie Farmacêutica ,Upadacitinibe,Processo encerrado: decisão de incorporação no SUS,Tratamento de pacientes adultos com artrite reumatoide ativa moderada a grave.,Incorporação,2021-02-22
Externa,2020-06-23,Medicamento,Genética,Ultragenyx Brasil Farmacêutica ,Burosumabe,Processo encerrado: decisão de incorporação no SUS,Tratamento da hipofosfatemia ligada ao cromossomo X em crianças.,Incorporação,2021-02-22
Externa,2020-06-23,Medicamento,Genética,Ultragenyx Brasil Farmacêutica ,Burosumabe,Processo encerrado: decisão de não incorporação no SUS,Tratamento da hipofosfatemia ligada ao cromossomo X em adultos.,Incorporação,2021-02-22
Externa,2020-07-01,Procedimento,Neurologia,Sheila Cristina Ouriques Martins,Trombectomia mecânica,Processo encerrado: decisão de incorporação no SUS,Para acidente vascular cerebral (AVC) isquêmico agudo.,Incorporação,2021-02-22
Externa,2020-07-02,Medicamento,Imunologia,Novartis Biociências,Secuquinumabe como primeira etapa de terapia biológica,Processo encerrado: decisão de não incorporação no SUS,Tratamento da psoríase em pacientes adultos.,Incorporação,2021-02-22
Externa,2020-07-06,Medicamento,Neurologia,Sanofi Medley Farmacêutica ,Alentuzumabe,Processo encerrado: decisão de incorporação no SUS,Tratamento de pacientes com esclerose múltipla remitente recorrente com características comparáveis aos critérios de tratamento com natalizumabe conforme o estabelecido no PCDT.,Incorporação,2021-04-29
Externa,2020-07-31,Medicamento,Oftalmologia,Bayer,Aflibercepte,Processo encerrado: decisão de incorporação no SUS,Tratamento de Degeneração Macular Relacionada à Idade (DMRI) neovascular em pacientes acima de 60 anos.,Incorporação,2021-05-10
Externa,2020-08-07,Medicamento,Cardiovascular,Wyeth Indústria Farmacêutica ,Tafamidis meglumina,Processo encerrado: decisão de não incorporação no SUS,Tratamento de pacientes com cardiomiopatia amiloide associada à transtirretina (selvagem ou hereditária) acima de 60 anos de idade.,Incorporação,2021-03-19
Externa,2020-09-03,Medicamento,Genética,BioMarin Brasil Farmacêutica,Dicloridrato de sapropterina,Processo encerrado: decisão de não incorporação no SUS,Tratamento de pacientes com fenilcetonúria a partir de cinco anos de idade.,Incorporação,2021-07-12
Externa,2020-09-10,Medicamento,Reumatologia ,Novartis Biociências,Secuquinumabe,Processo encerrado: decisão de não incorporação no SUS,Tratamento da artrite psoriásica ativa em pacientes adultos na primeira etapa de terapia biológica.,Incorporação,2021-06-02
Externa,2020-09-21,Medicamento,Genética,Sanofi Medley Farmacêutica ,Alfaalglicosidase,Processo encerrado: decisão de não incorporação no SUS,Terapia de reposição enzimática para tratamento de pacientes com diagnóstico confirmado na doença de Pompe de início tardio (DPIT).,Incorporação,2021-06-02
Externa,2020-09-25,Medicamento,Neurologia,Biogen Brasil Produtos Farmacêuticos ,Nusinersena,Processo encerrado: decisão de não incorporação no SUS,Tratamento da atrofia muscular espinhal 5q tipo III.,Incorporação,2021-06-02
Externa,2020-09-25,Medicamento,Neurologia,Biogen Brasil Produtos Farmacêuticos ,Nusinersena,Processo encerrado: decisão de incorporação no SUS,Tratamento da atrofia muscular espinhal 5q tipo II.,Incorporação,2021-06-02
Externa,2020-10-08,Medicamento,Imunologia,UCB Biopharma ,Certolizumabe Pegol,Processo encerrado: decisão de não incorporação no SUS,Tratamento de pacientes com psoríase em placas moderada a grave.,Incorporação,2021-07-08
Externa,2020-11-10,Medicamento,Psiquiatria,Takeda Pharma ,Dimesilato de lisdexanfetamina,Processo encerrado: decisão de não incorporação no SUS,Para indivíduos adultos com Transtorno do Déficit de Atenção com Hiperatividade.,Incorporação,2021-06-02
Externa,2020-11-23,Procedimento,Oncologia,Sociedade Brasileira de Urologia,Prostatectomia radical assistida por robô,Processo encerrado: decisão de não incorporação no SUS,Pacientes com câncer de próstata localizado.,Incorporação,2021-09-03
Externa,2020-11-25,Procedimento,Hematologia,Bayer,Alfadamoctocogue pegol,Processo encerrado: decisão de incorporação no SUS,"Profilaxia secundária em pacientes com Hemofilia A, a partir de 12 anos, previamente tratados e sem inibidor.",Incorporação,2022-02-14
Externa,2020-12-01,Medicamento,Reumatologia ,Wyeth Indústria Farmacêutica ,Citrato de tofacitinibe,Processo encerrado: decisão de incorporação no SUS,"Tratamento de pacientes adultos com retocolite ulcerativa ativa moderada a grave com resposta inadequada, perda de resposta ou intolerância aos medicamentos sintéticos convencionais.",Incorporação,2021-06-29
Externa,2020-12-01,Medicamento,Cardiovascular,JanssenCilag Farmacêutica,Selexipague,Processo encerrado: decisão de incorporação no SUS,"Para pacientes adultos com hipertensão arterial pulmonar (HAP Grupo I) em classe funcional III que Não alcançaram resposta satisfatória com ERA e/ou PDE5i, como alternativa a iloprosta.",Incorporação,2021-08-09
Externa,2020-12-04,Medicamento,Oncologia,AstraZeneca do Brasil ,Olaparibe,Processo encerrado: a pedido do demandante,"Terapia de manutenção de pacientes adultas com carcinoma epitelial de ovário recém diagnosticado, seroso e endometrioide, de alto grau, avançado, com mutação BRCA e resposta à quimioterapia em primeira linha baseada em platina.",Incorporação,
Externa,2020-12-09,Medicamento,Genética,Pint Pharma,Migalastate,Processo encerrado: decisão de não incorporação no SUS,Tratamento de pacientes com Doença de Fabry com mutações suscetíveis e idade igual ou superior a 16 anos.,Incorporação,2021-07-08
Externa,2020-12-09,Medicamento,Imunologia,UCB Biopharma ,Certolizumabe Pegol,Processo encerrado: decisão de não incorporação no SUS,Tratamento de artrite psoríaca em primeira linha de tratamento biológico (MMCDb).,Incorporação,2021-07-08
Externa,2020-12-18,Medicamento,Genética,Takeda Pharma ,Lanadelumabe,Processo encerrado: decisão de não incorporação no SUS,Profilaxia de longo prazo em pacientes com angioedema hereditário com 12 anos ou mais.,Incorporação,2021-07-12
Externa,2020-12-21,Medicamento,Genética,Specialty Pharma Goiás,Givosirana,Processo encerrado: decisão de não incorporação no SUS,Tratamento de pacientes adultos com porfirias hepáticas agudas.,Incorporação,2021-07-08
Externa,2020-12-22,Medicamento,Reumatologia ,Novartis Biociências,Secuquinumabe como primeira etapa de terapia biológica,Processo encerrado: decisão de não incorporação no SUS,Tratamento de espondiloartrite axial em pacientes adultos.,Incorporação,2021-07-08
Externa,2020-12-23,Medicamento,Neurologia,Aché Laboratórios Farmacêuticos,"Levetiracetam (500 mg e 1000
 mg)",Processo encerrado: decisão de incorporação no SUS,Tratamento adjuvante para epilepsia.,Incorporação,2021-09-29
Externa,2020-12-24,Medicamento,Hematologia,Takeda Pharma ,Alfarurioctocogue Pegol,Processo encerrado: decisão de incorporação no SUS,Tratamento de pacientes com Hemofilia A.,Incorporação,2022-02-14
Externa,2021-02-08,Procedimento,Nutrologia,"
Sociedade Brasileira de Nutrição Parenteral e Enteral",Suplementação nutricional oral,Processo encerrado: decisão de não incorporação no SUS,Para pacientes clínicos ou cirúrgicos desnutridos ou em risco de desnutrição.,Incorporação,2021-09-03
Externa,2021-03-08,Produto,Oftalmologia,"
Glaukos Produtos Médicos ",Implante de drenagem oftalmológico,Processo encerrado: decisão de incorporação no SUS,Tratamento do glaucoma primário de ângulo aberto leve a moderado.,Incorporação,2021-10-08
Externa,2021-03-26,Medicamento,Endocrinologia,Zodiac Produtos Farmacêuticos,Acetato de Leuprorrelina Subcutânea45 mg,Processo encerrado: decisão de incorporação no SUS,Tratamento da puberdade precoce central.,Incorporação,2021-11-03
Externa,2021-04-05,Medicamento,Genética,Novartis Biociências,Voretigeno neparvoveque,Processo encerrado: decisão de não incorporação no SUS,Distrofia hereditária da retina mediada por mutação bialélica no gene RPE65.,Incorporação,2021-09-27
Externa,2021-03-25,Medicamento,Neurologia,5ª Vara Federal de Porto Alegre,Baclofeno oral,Processo encerrado: decisão de não incorporação no SUS,Tratamento da espasticidade.,Incorporação,2022-03-17
Externa,2021-04-22,Medicamento,Infectologia,Gilead Sciences Farmacêutica do Brasil ,Rendesivir,Processo encerrado: decisão de não incorporação no SUS,Tratamento de pacientes com Covid19 hospitalizados com pneumonia e necessidade de suplementação de oxigênio.,Incorporação,2021-09-09
Externa,2021-04-23,Medicamento,Infectologia,Gilead Sciences Farmacêutica do Brasil ,Bictegravir/entricitabina/tenofovir alafenamida,Processo encerrado: decisão de não incorporação no SUS,Tratamento de pacientes com infecção pelo HIV1 virologicamente suprimidos e com doença renal crônica.,Incorporação,2021-12-30
Externa,2021-04-29,Medicamento,Oncologia,Bayer,Larotrectinibe,Processo encerrado: decisão de não incorporação no SUS,Tratamento de pacientes com tumores sólidos localmente avançados ou metastáticos positivos para fusão do gene NTRK.,Incorporação,2021-12-07
Externa,2021-05-06,Medicamento,Oncologia,Novartis Biociências,Succinato de ribociclibe,Processo encerrado: decisão de incorporação no SUS,"Tratamento de segunda linha do câncer de mama receptor hormonal positivo, HER2 negativo (RH+/HER2) localmente avançado ou metastático.",Incorporação,2021-12-07
Externa,2021-05-06,Medicamento,Oncologia,Novartis Biociências,Succinato de ribociclibe,Processo encerrado: decisão de incorporação no SUS,"Tratamento de primeira linha de mulheres em pósmenopausa com câncer de mama receptor hormonal positivo, HER2 negativo (RH+/HER2) localmente avançado ou metastático.",Incorporação,2021-12-07
Externa,2021-05-06,Medicamento,Oncologia,Novartis Biociências,Succinato de ribociclibe,Processo encerrado: decisão de incorporação no SUS,"Tratamento de primeira linha de mulheres em peri ou prémenopausa com câncer de mama receptor hormonal positivo, HER2 negativo (RH+/HER2) localmente avançado ou metastático.",Incorporação,2021-12-07
Externa,2021-05-06,Medicamento,Oncologia,Wyeth Indústria Farmacêutica ,Palbociclibe,Processo encerrado: decisão de incorporação no SUS,"Tratamento, em primeira linha, do câncer de mama avançado ou metastático RH+/HER2, em combinação com hormonioterapia, em mulheres na pósmenopausa.",Incorporação,2021-12-07
Externa,2021-05-06,Medicamento,Oncologia,Wyeth Indústria Farmacêutica ,Palbociclibe,Processo encerrado: decisão de incorporação no SUS,"Tratamento, em segunda linha, do câncer de mama avançado ou metastático RH+/HER2, em combinação com fulvestranto, em mulheres adultas.",Incorporação,2021-12-07
Externa,2021-05-07,Medicamento,Pneumologia,GlaxoSmithKline Brasil ,Propionato de fluticasona; xinafoato de salmeterol,Processo encerrado: decisão de não incorporação no SUS,Tratamento da asma em pacientes a partir de 4 anos.,Incorporação,2021-12-07
Externa,2021-05-19,Medicamento,Genética,BioMarin Brasil Farmacêutica,Alfacerliponase,Processo encerrado: decisão de incorporação no SUS,Tratamento da Lipofuscinose Ceroide Neuronal tipo 2 (CLN2).,Incorporação,2022-04-25
Externa,2021-06-07,Medicamento,Neurologia,Produtos Roche Químicos e Farmacêuticos,Risdiplam,Processo encerrado: decisão de incorporação no SUS,Tratamento de atrofia muscular espinhal (AME) tipo II.,Incorporação,2022-03-14
Externa,2021-06-07,Medicamento,Neurologia,Produtos Roche Químicos e Farmacêuticos,Risdiplam,Processo encerrado: decisão de não incorporação no SUS,Tratamento da Atrofia Muscular Espinhal (AME) tipo IIIa.,Incorporação,2022-03-14
Externa,2021-06-08,Medicamento,Neurologia,Produtos Roche Químicos e Farmacêuticos,Risdiplam,Processo encerrado: decisão de incorporação no SUS,Tratamento de atrofia muscular espinhal (AME) tipo I.,Incorporação,2022-03-14
Externa,2021-06-15,Medicamento,Endocrinologia,Aché Laboratórios Farmacêuticos,"Embonato de Triptorrelina 22,5 mg administração semestral",Processo encerrado: decisão de incorporação no SUS,Tratamento de Puberdade Precoce Central (PPC).,Incorporação,2022-03-17
Externa,2021-06-23,Medicamento,Pneumologia,Federação Brasileira das Associações de Doenças Raras  Febrararas,Riociguate,Processo encerrado: decisão de não incorporação no SUS,"Tratamento da hipertensão pulmonar tromboembólica crônica (HPTEC) inoperável, persistente ou recorrente após tratamento cirúrgico.",Incorporação,2022-03-14
Externa,2021-07-28,Medicamento,Pneumologia,Vertex Farmacêutica do Brasil ,Tezacaftorivacaftor,Processo encerrado: decisão de não incorporação no SUS,"Tratamento de pacientes com fibrose cística com 12 anos de idade ou mais com mutação F508del do gene CFTR em homozigose ou com mutação F508del e uma das seguintes mutações: P67L, D110H, R117C, L206W, R352Q, A455E, D579G, 711+3A→G, S945L, S977F, R1070W, D1152H, 2789+5G→A, 327226A→G, e 3849+10kbC→T.",Incorporação,2022-06-01
Externa,2021-08-04,Medicamento,Saúde da Mulher,Hemafarma Comércio e Indústria Farmacêutica ,Contraceptivos injetáveis acetato de medroxiprogesterona + cipionato de estradiol (25mg + 5mg) e algestona acetofenida + enantato de estradiol (150 mg + 10mg),Processo encerrado: decisão de incorporação no SUS,Mulheres em idade fértil.,Incorporação,2022-04-28
Externa,2021-09-01,Medicamento,Neurologia,Merck Sharp & Dohme Farmacêutica,Cladribina oral,Processo encerrado: decisão de não incorporação no SUS,Tratamento de pacientes com esclerose múltipla remitenterecorrente altamente ativa.,Incorporação,2022-07-11
Externa,2021-09-08,Medicamento,Hematologia,Associação Brasileira de Hematologia Hemoterapia e Terapia Celular ABHH,Blinatumomabe,Processo encerrado: decisão de incorporação no SUS,Leucemia linfoblástica aguda (LLA) B derivada pediátrica em primeira recidiva medular de alto risco.,Incorporação,2022-06-03
Externa,2021-09-09,Medicamento,Infectologia,Merck Sharp & Dohme Farmacêutica,Vacina pneumocócica 23valente (polissacarídica),Processo encerrado: decisão de não incorporação no SUS,Imunização de idosos com 60 anos ou mais.,Ampliação de Uso,2022-06-01
Externa,2021-10-05,Medicamento,Cardiovascular,AstraZeneca do Brasil ,Dapagliflozina,Processo encerrado: decisão de incorporação no SUS,"Terapia adicional de pacientes adultos com insuficiência cardíaca com fração de ejeção reduzida (FEVE£40%), NYHA IIIV e sintomáticos apesar do uso de terapia padrão com inibidor da Enzima Conversora de Angiotensina (IECA) ou Antagonista do Receptor da Angiotensina II (ARA II), com betabloqueadores, diuréticos e antagonista do receptor de mineralocorticoides, conforme Diretrizes do Ministério da Saúde.",Incorporação,2022-07-11
Externa,2021-11-02,Medicamento,Neurologia,Novartis Biociências,Ofatumumabe,Processo encerrado: decisão de não incorporação no SUS,Tratamento de esclerose múltipla recorrente em primeira linha de terapia modificadora do curso da doença.,Incorporação,2022-07-11
Externa,2021-12-03,Medicamento,Hematologia,Associação Brasileira de Hematologia Hemoterapia e Terapia Celular ABHH,Ruxolitinibe,Processo encerrado: decisão de não incorporação no SUS,"Tratamento de pacientes com mielofibrose, risco intermediário2 ou alto, com plaquetas acima de 100.000/mm3, inelegíveis ao transplante de célulastronco hematopoéticas.",Incorporação,2022-07-04
Externa,2021-12-17,Medicamento,Dermatologia,LEO Pharma ,Associação fixa de hidrato de calcipotriol e dipropionato de betametasona,Processo encerrado: decisão de não incorporação no SUS,Psoríase vulgarbapós falha de corticoide tópico isolado.,Incorporação,2022-07-11
Externa,2021-12-17,Medicamento,Oncologia,Produtos Roche Químicos e Farmacêuticos,Trastuzumabe entansina,Processo encerrado: decisão de incorporação no SUS,Tratamento adjuvante do câncer de mama HER2positivo inicial para pacientes (estadio III) com doença residual pós tratamento neoadjuvante.,Incorporação,2022-09-12
Externa,2021-12-22,Medicamento,Gastroenterologia,Takeda Pharma ,Vedolizumabe,Processo encerrado: decisão de não incorporação no SUS,Pacientes com doença de Crohn ativa moderada a grave com contraindicação aos antiTNFs ou com falha primária a um antiTNF.,Incorporação,2022-09-12
Externa,2022-01-11,Medicamento,Genética,Sanofi Medley Farmacêutica ,Alfaalglicosidase,Processo encerrado: decisão de não incorporação no SUS,Terapia de reposição enzimática para tratamento de pacientes com diagnóstico confirmado de doença de Pompe de início tardio (DPIT).,Incorporação,2022-09-27
Externa,2022-01-19,Medicamento,Hematologia,Associação Brasileira de Hematologia Hemoterapia e Terapia Celular ABHH,Carfilzomibe,Processo encerrado: decisão de não incorporação no SUS,Tratamento de pacientes com mieloma múltiplo recidivado ou refratário que receberam uma terapia prévia em combinação com dexametasona.,Incorporação,2022-09-27
Externa,2022-01-21,Medicamento,Dermatologia,UCB Biopharma ,Certolizumabe Pegol,Processo encerrado: decisão de não incorporação no SUS,Tratamento de pacientes acima de 18 anos com psoríase em placas moderada a grave e peso inferior à 90kg e Não responderam ao tratamento com adalimumabe.,Incorporação,2022-09-27
Externa,2022-01-24,Medicamento,Infectologia,Eli Lilly do Brasil,Baricitinibe,Processo encerrado: decisão de incorporação no SUS,"Tratamento de pacientes adultos com Covid19 hospitalizados que necessitam de oxigênio por máscara ou cateter nasal, ou que necessitam de alto fluxo de oxigênio ou ventilação Não invasiva.",Incorporação,2022-04-01
Externa,2022-02-07,Medicamento,Nefrologia,AstraZeneca do Brasil ,Dapagliflozina,Processo encerrado: decisão de incorporação no SUS,Terapia adicional à terapia padrão para pacientes adultos com doença renal crônica.,Incorporação,2022-09-27
Externa,2022-02-22,Medicamento,Neurologia,PTC Farmacêutica do Brasil ,Inotersena,Processo encerrado: decisão de não incorporação no SUS,Tratamento da polineuropatia amiloidótica familiar relacionada à transtirretina em pacientes adultos Não atendidos pela terapia com estabilizadores da proteína TTR no SUS.,Incorporação,2023-05-11
Externa,2022-02-25,Medicamento,Oncologia,Wyeth Indústria Farmacêutica ,Crizotinibe,Processo encerrado: decisão de incorporação no SUS,"Tratamento, em primeira linha, de pacientes adultos com câncer de pulmão Não pequenas células avançado ALK+.",Incorporação,2022-12-08
Externa,2022-02-25,Medicamento,Ortopedia,Amgen Biotecnologia do Brasil ,Romosozumabe,Processo encerrado: decisão de incorporação no SUS,"Mulheres na pósmenopausa, a partir dos 70 anos, que apresentam risco muito alto de fratura por fragilidade e que falharam (apresentaram duas ou mais fraturas) com o padrão de tratamento medicamentoso.",Incorporação,2022-12-06
Externa,2022-03-09,Medicamento,Cardiovascular,Boehringer Ingelheim do Brasil Química e Farmacêutica ,Empagliflozina,Processo encerrado: decisão de não incorporação no SUS,Tratamento da insuficiência cardíaca com fração de ejeção reduzida e classes funcionais NYHA II.,Incorporação,2022-11-11
Externa,2022-04-07,Medicamento,Hematologia,Merck Sharp & Dohme Farmacêutica,Letermovir,Processo encerrado: decisão de não incorporação no SUS,Profilaxia de infecção e doença causadas pelo citomegalovírus em adultos receptores (R+) de transplantes de celulastronco hematopoiéticas alogênico e soropositivos ao CMV.,Incorporação,2022-12-08
Externa,2022-04-14,Medicamento,"Infectologia
",AstraZeneca do Brasil ,Cilgavimabe/Tixagevimabe,Processo encerrado: decisão de não incorporação no SUS,"Profilaxia préexposição à Covid19 de pacientes com risco aumentado de resposta inadequada a vacinação, incluindo pacientes transplantados de órgãos sólidos e medula óssea e/ou com imunodeficiência.",Incorporação,2022-09-29
Externa,2022-04-20,Medicamento,"Infectologia
",Gilead Sciences Farmacêutica do Brasil ,Sofosbuvir + velpatasvir + voxilaprevir,Processo encerrado: decisão de incorporação no SUS,Retratamento de pacientes com hepatite C crônica sem cirrose ou com cirrose compensada (ChildPugh A).,Incorporação,2022-12-02
Externa,2022-04-26,Medicamento,Oncologia,Defensoria Pública da União em João Pessoa,Trastuzumabe Entansina em monoterapia,Processo encerrado: decisão de não incorporação no SUS,"Tratamento de pacientes com câncer de mama HER2positivo metastático ou localmente avançado Não ressecável, que tenham recebido tratamento prévio com trastuzumabe e um taxano.",Incorporação,2022-09-12
Externa,2022-04-26,Medicamento,Cardiovascular,Wyeth Indústria Farmacêutica ,Tafamidis meglumina,Processo encerrado: decisão de não incorporação no SUS,"Tratamento da cardiomiopatia amiloide associada à transtirretina do tipo selvagem ou hereditária, classes NYHA II e III, em pacientes acima de 60 anos de idade.",Incorporação,2022-12-22
Externa,2022-04-28,Medicamento,Pessoa com Deficiência,AMRYT Brasil Comércio e Importação de Medicamentos ,Lomitapida,Processo encerrado: decisão de não incorporação no SUS,Tratamento da Hipercolesterolemia Familiar Homozigótica em pacientes adultos (>18 anos).,Incorporação,2023-01-26
Externa,2022-05-10,Produto,Endocrinologia,Sociedade Brasileira de Patologia Clínica/Medicina Laboratorial,Pointofcare testing de hemoglobina glicada,Processo encerrado: decisão de não incorporação no SUS,Pacientes diabéticos.,Incorporação,2023-09-15
Externa,2022-05-16,Medicamento,Genética,Recordati Rare Diseases Comércio de Medicamentos ,Betaína anidra,Processo encerrado: decisão de não incorporação no SUS,"Tratamento de pacientes com homocistinuria com deficiëncias ou defeitos da cistationinabetasintetase, nao responsivos a piridoxina (B6).",Incorporação,2022-12-20
Externa,2022-05-18,Medicamento,Nefrologia,Fresenius Kabi Brasil ,Aminoácidos + Análogos,Processo encerrado: decisão de não incorporação no SUS,"Prevenção e tratamento de danos causados pelo metabolismo falho ou deficiente de proteínas, na doença renal crônica em conjunto com uma ingestão proteica limitada.",Incorporação,2022-12-08
Externa,2022-05-24,Medicamento,Neurologia,Novartis Biociências,Onasemnogeno abeparvoveque,Processo encerrado: decisão de incorporação no SUS,Tratamento de pacientes pediátricos até 6 meses de idade com Atrofia Muscular Espinhal (AME) do tipo I que estejam fora de ventilação invasiva acima de 16 horas por dia.,Incorporação,2022-12-07
Externa,2022-06-22,Medicamento,Endocrinologia,AstraZeneca do Brasil ,Dapagliflozina,Processo encerrado: decisão de incorporação no SUS,Pacientes com diabetes mellitus tipo 2 com com alto risco de desenvolver doença cardiovascular ou com doença cardiovascular estabelecida e idade entre 40 e 64 anos.,Incorporação,2023-04-05
Externa,2022-06-27,Medicamento,Dermatologia,5ª Vara Federal de Porto Alegre,Ciclosporina oral,Processo encerrado: decisão de incorporação no SUS,Tratamento da dermatite atópica.,Incorporação,2022-10-07
Externa,2022-06-28,Medicamento,Gastroenterologia,Laboratórios Ferring  ,Mesalazina,Processo encerrado: decisão de incorporação no SUS,Retocolite ulcerativa idiopática leve a moderada em pacientes acima de 18 anos de idade em todas as extensões em terapia de indução e manutenção da remissão.,Incorporação,2023-05-12
Externa,2022-07-01,Medicamento,Genética,Takeda Pharma ,Alfagalsidase,Processo encerrado: decisão de incorporação no SUS,Tratamento da doença de Fabry clássica em pacientes com sete anos de idade ou mais.,Incorporação,2023-05-22
Externa,2022-07-04,Medicamento,Imunologia,Wyeth Indústria Farmacêutica ,Vacina pneumocócica conjugada 13valente,Processo encerrado: decisão de não incorporação no SUS,Imunização de crianças com até cinco anos de idade para a prevenção de doença pneumocócica invasiva e pneumonia.,Ampliação de Uso,2023-07-10
Externa,2022-07-14,Produto,Cardiovascular,Edwards Lifesciences Comercio de Produtos MedicoCirurgicos ,Sensor précalibrado,Processo encerrado: decisão de não incorporação no SUS,"Monitorização de pressão intravascular e minimamente invasiva do débito cardíaco, para cirurgias, maiores e de alto risco.",Incorporação,2023-04-18
Externa,2022-07-21,Medicamento,Reumatologia ,Sociedade Brasileira de Reumatologia,Rituximabe,Processo encerrado: decisão de incorporação no SUS,Terapia de indução de remissão dos pacientes com diagnóstico recente e para os casos de recidiva de vasculites associadas ao anticorpos anticitoplasma de neutrófilos (VAA).,Incorporação,2023-07-28
Externa,2022-07-22,Medicamento,Cardiovascular,Boehringer Ingelheim do Brasil Química e Farmacêutica ,Empagliflozina,Processo encerrado: decisão de não incorporação no SUS,Tratamento de pacientes com Insuficiência Cardíaca com Fração de Ejeção Preservada e Levemente Reduzida (FEVE>40%) e classes funcionais NYHA II e III.,Incorporação,2023-04-28
Externa,2022-08-04,Medicamento,Reumatologia ,GlaxoSmithKline Brasil ,Belimumabe,Processo encerrado: decisão de não incorporação no SUS,"Tratamento adjuvante de pacientes com 18 anos ou mais, com LES e que apresentem alto grau de atividade da doença apesar da terapia padrão, com falha terapêutica a dois imunossupressores prévios.",Incorporação,2023-06-30
Externa,2022-08-16,Medicamento,Neurologia,Specialty Pharma Goiás,Patisirana sódica,Processo encerrado: decisão de não incorporação no SUS,Tratamento de pacientes diagnosticados com amiloidose hereditaria relacionada a transtirretina (ATTRh) com polineuropatia em estagio 2 ou que apresentam resposta inadequada a tafamidis.,Incorporação,2023-10-20
Externa,2022-09-01,Medicamento,Hematologia,Produtos Roche Químicos e Farmacêuticos,Emicizumabe,Processo encerrado: decisão de incorporação no SUS,"Tratamento profilático de pessoas com hemofilia A, moderada ou grave, e anticorpos inibidores do Fator VIII, sem restrição de faixa etária, exceto aquelas em tratamento de indução à imunotolerância.",Incorporação,2023-10-09
Externa,2022-09-02,Procedimento,Dermatologia,Universidade de São Paulo,Terapia Fotodinâmica,Processo encerrado: decisão de incorporação no SUS,Tratamento de Câncer de Pele Não melanoma do tipo Carcinoma Basocelular Superficial e Nodular.,Incorporação,2023-09-06
Externa,2022-09-02,Medicamento,Hematologia,Produtos Roche Químicos e Farmacêuticos,Emicizumabe,Processo encerrado: decisão de não incorporação no SUS,"Tratamento profilático de pacientes de até 12 anos de idade com hemofilia A, moderada ou grave, sem inibidores do Fator VIII.",Ampliação de Uso,2023-10-09
Externa,2022-09-16,Medicamento,Hematologia,CSL Behring Comércio de Produtos Farmacêuticos ,Alfalonoctocogue,Processo encerrado: decisão de não incorporação no SUS,"Tratamento de adultos e adolescentes (acima de 12 anos) com hemofilia A previamente tratados e sem inibidor, para profilaxia secundária.",Incorporação,2023-10-09
Externa,2022-10-04,Medicamento,Endocrinologia,Novo Nordisk Farmacêutica do Brasil,Liraglutida 3mg,Processo encerrado: decisão de não incorporação no SUS,"Tratamento de pacientes com obesidade e imc acima de 35kg/m, prédiabetes e alto risco de doença cardiovascular.",Incorporação,2023-10-31
Externa,2022-12-01,Medicamento,Imunologia,Takeda Pharma ,Acetato de icatibanto,Processo encerrado: decisão de incorporação no SUS,Tratamento de crises agudas de pacientes adultos diagnosticados com angioedema hereditário com deficiência de inibidor de C1 esterase (tipos I e II).,Incorporação,2023-12-22
Externa,2022-12-02,Medicamento,Oftalmologia,Allergan Produtos Farmacêuticos ,Implante biodegradável de dexametasona,Processo encerrado: decisão de incorporação no SUS,Tratamento do edema macular diabético como opção terapêutica aos antiVEGFs (ranibizumabe aflibercepte).,Incorporação,2023-10-09
Externa,2022-12-07,Medicamento,Hematologia,Associação Brasileira de Hematologia Hemoterapia e Terapia Celular ABHH,Cloridrato de Ponatinibe,Processo encerrado: decisão de não incorporação no SUS,"Tratamento de adultos com: leucemia mieloide crônica (LMC) nas Fases Crônica, Acelerada e Blastica, resistentes e/ou intolerantes a ITQ de Segunda Geração.",Incorporação,2023-10-31
Externa,2022-12-21,Medicamento,Pneumologia,Vertex Farmacêutica do Brasil ,Elexacaftor tezacaftor ivacaftor,Processo encerrado: decisão de incorporação no SUS,Tratamento da fibrose cística em pacientes com 6 anos de idade ou mais que tenham pelo menos uma mutação F508del no gene CFTR.,Incorporação,2023-09-06
Externa,2023-01-25,Medicamento,Neonatologia,AstraZeneca do Brasil ,Palivizumabe,Processo encerrado: decisão de não incorporação no SUS,prevenção da infecção pelo vírus sincicial respiratório em crianças prematuras com idade gestacional de 29 a 31 semanas e seis dias.,Incorporação,2023-11-13
Externa,2023-02-08,Medicamento,Hematologia,Associação Brasileira de Hematologia Hemoterapia e Terapia Celular ABHH,Carfilzomibe,Processo encerrado: decisão de incorporação no SUS,tratamento de pacientes com mieloma múltiplo recidivado ou refratário que receberam uma terapia prévia.,Incorporação,2023-11-13
Externa,2023-02-09,Medicamento,Imunologia,CSL Behring Comércio de Produtos Farmacêuticos ,Inibidor de C1 esterase derivado de plasma humano,Processo encerrado: decisão de incorporação no SUS,"tratamento de crises de angioedema hereditário tipos I e II, condicionado ao uso restrito hospitalar.",Incorporação,2023-12-22
Externa,2023-02-22,Medicamento,Neurologia,Merck Sharp & Dohme Farmacêutica,Cladribina oral,Processo encerrado: decisão de incorporação no SUS,Tratamento de pacientes adultos com esclerose múltipla remitenterecorrente altamente ativa em primeira linha.,Incorporação,2023-10-31
Externa,2023-03-08,Medicamento,Hematologia,Associação Brasileira de Hematologia Hemoterapia e Terapia Celular ABHH,Daratumumabe em combinação com bortezomibe e dexametasona,Processo encerrado: decisão de não incorporação no SUS,Tratamento de pacientes com mieloma múltiplo recidivado e/ou refratária que receberam uma única terapia prévia no Sistema Único de Saúde (SUS).,Incorporação,2023-10-20
Externa,2023-04-18,Medicamento,Genética,Sanofi Medley Farmacêutica ,Betaagalsidase,Processo encerrado: decisão de incorporação no SUS,Tratamento da doença de Fabry clássica.,Incorporação,2023-12-29
Externa,2023-05-08,Medicamento,Hematologia,Masters Speciality Pharma ,Hidroxiureia 100 mg,Processo encerrado: decisão de incorporação no SUS,Tratamento de pacientes com idade de 2 anos ou mais com doença falciforme.,Incorporação,2024-03-07
Externa,2023-05-08,Medicamento,Hematologia,Masters Speciality Pharma ,Hidroxiureia 1000 mg,Processo encerrado: decisão de não incorporação no SUS,Tratamento de pacientes com idade de 2 anos ou mais com doença falciforme.,Incorporação,2024-03-07
Externa,2023-05-08,Medicamento,Gastroenterologia,JanssenCilag Farmacêutica,Ustequinumabe,Processo encerrado: decisão de incorporação no SUS,Tratamento de pacientes com Doença Crohn ativa moderada a grave.,Incorporação,2025-12-05
Externa,2023-06-02,Procedimento,Oncologia,Produtos Roche Diagnóstica Brasil,Testagem molecular,Processo encerrado: decisão de incorporação no SUS,Detecção de HPV e rastreamento do câncer do colo do útero.,Incorporação,2024-03-08
Externa,2023-06-07,Medicamento,Hematologia, Alexion Serviços e Farmacêutica do Brasil ,Ravulizumabe,Processo encerrado: decisão de incorporação no SUS,"Tratamento de pacientes com Hemoglobinúria Paroxística Noturna (HPN) a partir de 14 anos de idade, virgens de tratamento ou em uso prévio de eculizumabe.",Incorporação,2024-03-07
Externa,2023-07-20,Medicamento,Gastroenterologia,Celltrion Healthcare Distribuição de Produtos Farmacêuticos do Brasil ,Infliximabe,Processo encerrado: decisão de incorporação no SUS,"Tratamento de pacientes com doença de Crohn moderada a grave que tiveram resposta inadequada às terapias convencionais, com fístula perianal complexa.",Incorporação,2025-09-16
Externa,2023-07-30,Medicamento,Oncologia,AstraZeneca do Brasil ,Durvalumabe,Processo encerrado: decisão de incorporação no SUS,"Tratamento de pacientes com câncer de pulmão Não pequenas células (CPNPC) estágio III irressecável, cuja doença Não progrediu após a terapia de quimiorradiação à base de platina.",Incorporação,2024-04-22
Externa,2023-07-31,Medicamento,Infectologia,Takeda Pharma ,Vacina dengue tetavalente (atenuada),Processo encerrado: decisão de incorporação no SUS,Prevenção de infecção causada pelo vírus da dengue e suas complicações.,Incorporação,2023-12-22
Externa,2023-08-09,Medicamento,Endocrinologia,Novo Nordisk Farmacêutica do Brasil,Liraglutida,Processo encerrado: a pedido do demandante,"Tratamento de pacientes com diabetes mellitus tipo 2, associada a doenças cardiovasculares, TFG < 45, em uso de hipoglicemiantes e com indicação de intensificação do tratamento.",Incorporação,
Externa,2023-08-17,Medicamento,Cardiovascular,Laboratórios Pfizer,Tafamidis,Processo encerrado: decisão de incorporação no SUS,"Tratamento da cardiomiopatia amiloide associada à transtirretina (ATTRCM), do tipo selvagem ou hereditária, classes funcionais NYHA II e III, em pacientes acima de 60 anos de idade.",Incorporação,2024-06-21
Externa,2023-08-25,Medicamento,Hematologia,Associação Brasileira de Hematologia Hemoterapia e Terapia Celular ABHH,Ibrutinibe,Processo encerrado: decisão de não incorporação no SUS,Tratamento de paciente com leucemia linfocítica crônica recidivada/refratária inelegível a análogos de purina.,Incorporação,2024-06-17
Externa,2023-09-12,Medicamento,Hematologia,Laboratórios Pfizer,Derisomaltose férrica,Processo encerrado: decisão de incorporação no SUS,"Tratamento de pacientes adultos com anemia por deficiência de ferro, independente da causa, após falha terapêutica, intolerância ou contraindicação aos sais de ferro oral.",Incorporação,2024-10-21
Externa,2023-09-18,Procedimento,Neurologia,5ª Vara Federal de Porto Alegre,Monitorização intraoperatória neurofisiológica,Processo encerrado: decisão de incorporação no SUS,Pacientes com tumor cerebelopontino submetidos à cirurgia de exérese tumoral com alto risco de sequelas neurológicas.,Incorporação,2024-04-22
Externa,2023-09-22,Medicamento,Endocrinologia,Recordati Rare Diseases Comércio de Medicamentos ,Pamoato de pasireotida,Processo encerrado: decisão de incorporação no SUS,"Tratamento de acromegalia, em especial na falha do tratamento com os análogos da somatostatina (octreotida e lanreotida).",Incorporação,2024-06-21
Externa,2023-09-29,Medicamento,Ortopedia,Amgen Biotecnologia do Brasil ,Romosozumabe,Processo encerrado: decisão de incorporação no SUS,"Tratamento de osteoporose grave e em falha terapêutica, conforme Protocolo Clínico do Ministério da Saúde.",Ampliação de Uso,2024-09-16
Externa,2023-10-03,Medicamento,Pneumologia,Chiesi Farmacêutica ,"Tripla combinação fixa em um único dispositivo spray de dipropionato de beclometasona 100 µg + fumarato de formoterol di-hidratado 6 µg + brometo de glicopirrônio 12,5 µg",Processo encerrado: decisão de incorporação no SUS,Tratamento da doença pulmonar obstrutiva crônica grave (30% £ VEF1 < 50%) e muito grave (VEF1 < 30%) grupo C e grupo D.,Incorporação,2024-10-07
Externa,2023-11-13,Medicamento,Oncologia,Produtos Roche Químicos e Farmacêuticos,Pertuzumabe e trastuzumabe em combinação de dose fixa subcutânea,Processo encerrado: decisão de não incorporação no SUS,Tratamento neoadjuvante de pacientes com câncer de mama HER2-positivo.,Incorporação,2024-10-29
Externa,2023-11-14,Medicamento,Oncologia,Produtos Roche Químicos e Farmacêuticos,Pertuzumabe e trastuzumabe em dose fixa subcutânea,Processo encerrado: decisão de não incorporação no SUS,Tratamento metastático de pacientes com câncer de mama HER2-positivo em primeira linha.,Incorporação,2024-10-29
Externa,2023-11-17,Medicamento,Pneumologia,Bayer,Riociguate associado a ERA,Processo encerrado: decisão de não incorporação no SUS,"Tratamento de pacientes adultos com hipertensão arterial pulmonar (HAP - Grupo I) que não alcançaram resposta satisfatória com terapia dupla com PDE5i e ERA, como alternativa à terapia tripla com selexipague.",Incorporação,2024-08-23
Externa,2023-11-17,Medicamento,Oncologia,AstraZeneca do Brasil ,Olaparibe,Processo encerrado: decisão de incorporação no SUS,"Tratamento de pacientes adultas com carcinoma de ovário (incluindo trompa de Falópio ou peritoneal primário), recentemente diagnosticado, seroso ou endometrioide de alto grau (grau 2 ou maior), avançado (estágio FIGO III ou IV), com mutação nos genes BRCA1/2, que respondem à quimioterapia em primeira linha, baseada em platina.",Incorporação,2024-10-07
Externa,2023-11-24,Medicamento,Dermatologia,AbbVie Farmacêutica ,Upadacitinibe,Processo encerrado: decisão de incorporação no SUS,Tratamento de adolescentes com dermatite atópica grave.,Incorporação,2024-10-04
Externa,2023-11-28,Medicamento,Dermatologia,Laboratórios Pfizer,Abrocitinibe,Processo encerrado: decisão de não incorporação no SUS,Tratamento de dermatite atópica moderada a grave em adultos.,Incorporação,2024-10-29
Externa,2023-11-28,Medicamento,Dermatologia,Laboratórios Pfizer,Abrocitinibe,Processo encerrado: decisão de não incorporação no SUS,Tratamento de adolescentes com dermatite atópica moderada a grave.,Incorporação,2024-10-04
Externa,2023-11-29,Medicamento,Hematologia,Associação Brasileira de Hematologia Hemoterapia e Terapia Celular ABHH,Azacitidina,Processo encerrado: decisão de não incorporação no SUS,Tratamento de pacientes com síndrome mielodisplásica de alto risco.,Incorporação,2024-11-18
Externa,2023-12-07,Medicamento,Neurologia,PTC Farmacêutica do Brasil ,Inotersena nonadecassódica,Processo encerrado: decisão de não incorporação no SUS,Tratamento de pacientes adultos com polineuropatia amiloidótica familiar relacionada à transtirretina em estágio 2.,Incorporação,2024-10-04
Externa,2023-12-08,Medicamento,Pneumologia,GlaxoSmithKline Brasil ,Furoato de fluticasona/brometo de umeclidínio/trifenatato de vilanterol,Processo encerrado: decisão de incorporação no SUS,Tratamento de pacientes com Doença Pulmonar Obstrutiva Crônica (DPOC) grave a muito grave (GOLD 3 e 4) com perfil exacerbador e sintomático (Grupo D).,Incorporação,2024-10-07
Externa,2023-12-13,Medicamento,Neurologia,Horizon Therapeutics Brasil ,Inebilizumabe,Processo encerrado: decisão de não incorporação no SUS,Tratamento de pacientes com distúrbio do espectro da neuromielite óptica positivos para o anticorpo anti-aquaporina 4.,Incorporação,2024-06-28
Externa,2023-12-18,Procedimento,Neurologia,Sociedade Brasileira de Patologia Clínica/Medicina Laboratorial,Teste PCR multiplex,Processo encerrado: decisão de incorporação no SUS,"Detecção de múltiplos agentes bacterianos, virais e fúngicos, causadores de meningites e encefalites.",Incorporação,2024-12-18
Externa,2023-12-22,Produto,Cardiovascular,St. Jude Medical Brasil / Abbott Laboratórios,"Dispositivo de Assistência Ventricular Esquerda (DAVE), de fluxo contínuo e centrífugo",Processo encerrado: decisão de incorporação no SUS,"Pacientes com insuficiência cardíaca avançada do ventrículo esquerdo, inelegíveis ao transplante de coração (terapia de destino).",Incorporação,2024-12-18
Externa,2024-01-18,Medicamento,Oncologia,Recordati Rare Diseases Comércio de Medicamentos ,Betadinutuximabe,Processo encerrado: decisão de incorporação no SUS,Tratamento do neuroblastoma de alto risco (HRNB) na fase de manutenção.,Incorporação,2025-02-11
Externa,2024-02-01,Medicamento,Infectologia,Takeda Pharma ,Maribavir,Processo encerrado: decisão de incorporação no SUS,Tratamento de infecção e/ou doença por citomegalovírus (CMV) que são refratárias (com ou sem resistência a uma ou mais terapias anteriores em pacientes adultos que foram submetidos a um transplante.,Incorporação,2024-12-24
Externa,2024-03-19,Medicamento,Reumatologia,Eli Lilly do Brasil ,Ixequizumabe,Processo encerrado: decisão de incorporação no SUS,Tratamento de pacientes adultos com artrite psoriásica que falharam ou mostraramse intolerantes ao biológico de primiera linha.,Incorporação,2025-01-15
Externa,2024-03-19,Medicamento,Dermatologia,Eli Lilly do Brasil ,Ixequizumabe,Processo encerrado: decisão de não incorporação no SUS,"Tratamento de pacientes adultos com psoríase moderada a grave, em segunda etapa após falha, toxicidade (intolerância, hipersensibilidade ou outro evento adverso [EA]) ou contraindicação ao adalimumabe.",Incorporação,2024-12-24
Externa,2024-04-02,Medicamento,Hematologia,Amgen Biotecnologia do Brasil ,Romiplostim,Processo encerrado: decisão de incorporação no SUS,Tratamento de adultos com púrpura trombocitopênica idiopática refratária.,Incorporação,2024-12-24
Externa,2024-04-16,Medicamento,Hematologia,Pint Pharma Produtos Médico-Hospitalares e Farmacêuticos,Pegcetacoplana,Processo encerrado: decisão de não incorporação no SUS,Tratamento de pacientes adultos com hemoglobinúria paroxística noturna previamente tratados com inibidores do complemento.,Incorporação,2025-02-20
Externa,2024-04-16,Medicamento,Imunologia,Pfizer Brasil,Citrato de tofacitinibe,Processo encerrado: decisão de não incorporação no SUS,Tratamento de pacientes adultos com espondilite anquilosante ativa que não responderam adequadamente à terapia convencional com anti-inflamatórios não esteroides ou medicamentos modificadores do curso da doença sintéticos convencionais (sulfassalazina e metotrexato),Incorporação,2025-02-03
Externa,2024-04-17,Medicamento,Dermatologia,5ª Vara Federal de Porto Alegre,Dupilumabe,Processo encerrado: decisão de incorporação no SUS,Tratamento de dermatite atópica grave em criança (a partir de 6 anos).,Incorporação,2024-10-04
Externa,2024-04-17,Medicamento,Hematologia,Pint Pharma Produtos Médico-Hospitalares e Farmacêuticos,Pegcetacoplana,Processo encerrado: decisão de não incorporação no SUS,Tratamento de hemoglobinúria paroxística noturna para pacientes sem tratamento prévio com inibidores do complemento.,Incorporação,2025-02-03
Externa,2024-04-17,Produto,Endocrinologia,Sociedade Brasileira de Diabetes  SBD,Sistema de monitorização,Processo encerrado: decisão de não incorporação no SUS,Monitorização da glicose por escaneamento intermitente da glicose em pacientes com diabetes mellitus tipo 1 e 2.,Incorporação,2025-02-03
Externa,2024-04-23,Medicamento,Oncologia,Pint Pharma Produtos Médico-Hospitalares e Farmacêuticos,Ponatinibe,Processo encerrado: decisão de incorporação no SUS,Tratamento de resgate de pacientes com leucemia mieloide crônica em que houve falha aos inibidores de tirosina quinase de segunda geração.,Incorporação,2025-02-03
Externa,2024-04-29,Medicamento,Imunologia,Sanofi Medley Farmacêutica,Dupilumabe,Processo encerrado: decisão de incorporação no SUS,"Tratamento da asma grave com fenótipo T2 alto alérgica, não controlada apesar do uso de corticosteroide inalatório associado a b2 agonista de longa duração.",Incorporação,2025-02-03
Externa,2024-05-05,Medicamento,Oncologia,GlaxoSmithKline Brasil,Niraparibe,Processo encerrado: decisão de não incorporação no SUS,"Tratamento de manutenção de pacientes adultas com carcinoma de ovário (incluindo trompa de Falópio ou peritoneal primário), de alto grau (grau 2 ou maior), avançado (estágio FIGO III ou IV), com mutação nos genes BRCA 1/2, que respondem à quimioterapia em primeira linha, baseada em medicamentos derivados de platina.",Incorporação,2025-02-03
Externa,2024-06-03,Medicamento,Hematologia,Amgen Biotecnologia do Brasil ,Romiplostim,Processo encerrado: decisão de incorporação no SUS,"Tratamento da PTI refratária, crônica ou dependente de corticosteroide em crianças e adolescentes.",Incorporação,2025-05-15
Externa,2024-06-03,Medicamento,Hematologia,Amgen Biotecnologia do Brasil ,Romiplostim,Processo encerrado: decisão de incorporação no SUS,"Tratamento da PTI refratária, crônica ou dependente de corticosteroide em crianças e adolescentes.",Incorporação,2025-05-15
Externa,2024-06-03,Medicamento,Neurologia,Specialty Pharma Goiás,Vutrisirana,Processo encerrado: decisão de não incorporação no SUS,"Tratamento de pacientes adultos com amiloidose hereditária mediada por
 transtirretina com polineuropatia em estágio II.",Incorporação,2025-02-20
Externa,2024-06-10,Medicamento,Endocrinologia,Ultragenyx Brasil Farmacêutica ,Burosumabe,Processo encerrado: decisão de não incorporação no SUS,Tratamento da hipofosfatemia ligada ao cromossomo X (HLX) em pacientes adultos (idade igual ou superior a 18 anos).,Incorporação,2025-05-29
Externa,2024-06-18,Medicamento,Oncologia,Pfizer Brasil,Bosutinibe,Processo encerrado: decisão de não incorporação no SUS,"Tratamento, em 2ª linha, de pacientes adultos com leucemia mieloide crônica (LMC) com cromossomo Philadelphia positivo (LMC Ph+) com resistência ou intolerância à terapia prévia, incluindo imatinibe.",Incorporação,2025-05-29
Externa,2024-06-20,Medicamento,Genética,Pint Pharma Produtos Médico-Hospitalares e Farmacêuticos,Migalastate,Processo encerrado: decisão de não incorporação no SUS,"Tratamento de pacientes adultos e adolescentes de 12 anos ou mais, com diagnóstico de doença de Fabry e que possuam uma variante patogênica suscetível.",Incorporação,2025-05-07
Externa,2024-06-27,Medicamento,Neonatologia,Sanofi Medley Farmacêutica,Nirsevimabe,Processo encerrado: decisão de incorporação no SUS,Prevenção de infecção do trato respiratório inferior associada ao Vírus Sincicial Respiratório para todos os bebês prematuros e/ou portadores de comorbidade.,Incorporação,2025-03-05
Externa,2024-07-01,Medicamento,Pneumologia,AstraZeneca do Brasil ,Benralizumabe,Processo encerrado: decisão de incorporação no SUS,Tratamento adjuvante de manutenção para asma grave com fenótipo eosinofílico em pacientes adultos.,Incorporação,2025-02-03
Externa,2024-07-01,Procedimento,Cardiologia,Sociedade Brasileira de Arritmias Caríacas SOBRAC,Cateter com força de contato,Processo encerrado: decisão de incorporação no SUS,"Tratamento de pacientes adultos com arritmias cardíacas complexas, do cateter com força de contato e do mapeamento eletroanatômico tridimensional.",Incorporação,2025-05-29
Externa,2024-07-03,Medicamento,Imunologia,Pfizer Brasil,Vacina vírus sincicial respiratório A e B (recombinante),Processo encerrado: decisão de incorporação no SUS,Tratamento de gestantes com 32 a 36 semanas para prevenção da doença do trato respiratório inferior causada pelo vírus sincicial respiratório (VSR) em crianças até os 6 meses de idade.,Incorporação,2025-02-25
Externa,2024-07-09,Medicamento,Infectologia,Sanofi Medley Farmacêutica,"Vacina Influenza trivalente (fragmentada, inativada) alta dose",Processo encerrado: decisão de não incorporação no SUS,Prevenção da infecção causada pelo vírus influenza em idosos com 80 anos de idade ou mais.,Incorporação,2025-05-29
Externa,2024-07-15,Medicamento,Nefrologia,AstraZeneca do Brasil ,Ciclossilicato de zircônio sódico hidratado,Processo encerrado: decisão de incorporação no SUS,Tratamento da hiperpotassemia em pacientes com doença renal crônica estágios 4 e 5.,Incorporação,2025-05-15
Externa,2024-07-16,Medicamento,Nefrologia,AstraZeneca do Brasil ,Ravulizumabe,Processo encerrado: decisão de não incorporação no SUS,Síndrome Hemolítico-Urêmica atípica (SHUa).,Incorporação,2025-07-30
Externa,2024-07-22,Medicamento,Imunologia,Takeda Pharma ,Lanadelumabe,Processo encerrado: decisão de não incorporação no SUS,"Tratamento da profilaxia de crises de angioedema hereditário (AEH) tipo I/II, em que o paciente apresentou falha ou tem contraindicação a danazol e três ou mais crises/mês.",Incorporação,2025-05-29
Externa,2024-07-31,Medicamento,Neurologia,Produtos Roche Químicos e Farmacêuticos,Satralizumabe,Processo encerrado: decisão de não incorporação no SUS,Tratamento de pacientes com distúrbio do espectro da neuromielite óptica.,Incorporação,2025-05-13
Externa,2024-08-15,Medicamento,Hematologia,Associação Brasileira de Hematologia Hemoterapia e Terapia Celular ABHH,Blinatumomabe,Processo encerrado: decisão de não incorporação no SUS,"Tratamento de pacientes adultos com leucemia linfoblástica aguda (LLA) de células B, cromossomo Philadelphia negativo e com doença recidivada ou refratária.",Incorporação,2025-07-24
Externa,2024-08-15,Medicamento,Hematologia,Associação Brasileira de Hematologia Hemoterapia e Terapia Celular ABHH,Blinatumomabe,Processo encerrado: decisão de incorporação no SUS,Tratamento de adultos com Leucemia Linfoblástica Aguda (LLA) de células B com doença residual mínima (DRM) positiva que já atingiram remissão completa.,Incorporação,2025-07-24
Externa,2024-08-28,Procedimento,Neurologia,Associação Crônicos do Dia a Dia,Teste de detecção de anticorpos anti-aquaporina 4 em CBA,Processo encerrado: decisão de incorporação no SUS,Detecção de anticorpos anti-AQP4 em CBA para o diagnóstico do distúrbio do espectro da neuromielite óptica (DENMO).,Incorporação,2025-06-23
Externa,2024-09-06,Medicamento,Gastroenterologia,Takeda Pharma ,Vedolizumabe,Processo encerrado: decisão de incorporação no SUS,"Tratamento da doença de Crohn moderada a grave ativa após falha, intolerância ou contraindicação a um anti-TNF.",Incorporação,2025-05-13
Externa,2024-09-13,Medicamento,Cardiovascular,AstraZeneca do Brasil ,Dapagliflozina,Processo encerrado: decisão de não incorporação no SUS,"Tratamento de pacientes adultos com insuficiência cardíaca com fração de ejeção ligeiramente reduzida ou preservada (FEVE > 40%), classe funcional NYHA II a IV e em uso de terapia padrão.",Incorporação,2025-12-29
Externa,2024-10-04,Produto,Cardiovascular,St. Jude Medical Brasil / Abbott Laboratórios,Dispositivo para fechamento percutâneo de persistência do canal arterial por implante cardiovascular tipo plug de malha expansível de nitinol,Processo encerrado: decisão de incorporação no SUS,Para tratamento de recém-nascidos prematuros ou com baixo peso ao nascer.,Incorporação,2025-07-30
Externa,2024-10-04,Medicamento,Oftalmologia,Bayer,Aflibercepte,Já incorporado ao SUS,Pacientes adultos maiores de 60 de idade com Degeneração Macular Relacionada à Idade (DMRI).,Incorporação,
Externa,2024-10-04,Medicamento,Imunologia,CLS Behring Comércio de Produtos Farmacêuticos,Inibidor de C1 esterase derivado de plasma humano subcutâneo,Processo encerrado: decisão de não incorporação no SUS,Profilaxia de longo prazo em pacientes com angioedema hereditário tipos I e II.,Incorporação,2025-07-24
Externa,2024-10-16,Medicamento,Oftalmologia,Bayer,Aflibercepte,Já incorporado ao SUS,Tratamento de pacientes adultos com Edema Macular Diabético.,Incorporação,
Externa,2024-10-17,Medicamento,Imunologia,Merck Sharp & Dohme Farmacêutica,"Vacina pneumocócica 15-valente (conjugada, polissacarídica)",Processo encerrado: decisão de incorporação no SUS,Imunização ativa para prevenção de doença pneumocócica em indivíduos com pelo menos dois meses de idade com condições de alto risco.,Incorporação,2026-01-12
Externa,2024-11-01,Medicamento,Genética,Specialty Pharma Goiás ,Lumasirana sódica,Processo encerrado: decisão de não incorporação no SUS,Tratamento da hiperoxalúria primária tipo 1.,Incorporação,2025-08-25
Externa,2024-11-03,Medicamento,Ginecologia,Organon Farmaceutica,Implante subdérmico de etonogestrel,Processo encerrado: decisão de incorporação no SUS,Mulheres adultas entre 18 e 49 anos.,Ampliação de Uso,2025-07-09
Externa,2024-11-06,Medicamento,Oncologia,Sociedade Brasileira de Oncologia Pediátrica SOBOPE,Larotrectinibe,Processo encerrado: decisão de incorporação no SUS,Pacientes pediátricos com tumores sólidos localmente avançados ou metastáticos positivos para fusão do gene NTRK.,Incorporação,2025-09-26
Externa,2024-11-11,Produto,Neonatologia,BirthTech Dispositivos para a Saúde,Leitor óptico da maturidade da pele neonatal,Processo encerrado: decisão de incorporação no SUS,Pacientes recém-nascidos.,Incorporação,2026-03-11
Externa,2024-11-13,Medicamento,Neurologia,Biogen Brasil Produtos Farmacêuticos ,Nusinersena,Processo encerrado: decisão de não incorporação no SUS,Tratamento da Atrofia Muscular Espinhal (AME) 5q tipo 3.,Incorporação,2025-12-30
Externa,2024-11-18,Medicamento,Neurologia,EMS,Cloridrato de fingolimode,Processo encerrado: decisão de não incorporação no SUS,"Tratamento de primeira linha de pacientes com esclerose múltipla remitente recorrente, de baixa e moderada atividade, em troca entre os medicamentos de primeira linha ou virgens de tratamento.",Incorporação,2025-09-26
Externa,2024-12-02,Procedimento,Oncologia,H Strattner e Cia,Prostatectomia radical assistida por robô,Processo encerrado: decisão de incorporação no SUS,Tratamento de pacientes com câncer de próstata clinicamente localizado ou localmente avançado.,Incorporação,2025-10-01
Externa,2024-12-04,Produto,Neurologia,St. Jude Medical Brasil / Abbott Laboratórios,Estimulador da medula espinhal,Processo encerrado: decisão de incorporação no SUS,Tratamento da dor crônica.,Incorporação,2025-10-09
Externa,2024-12-05,Medicamento,Hematologia,Associação Brasileira de Hematologia Hemoterapia e Terapia Celular ABHH,Trióxido de arsênio,Processo encerrado: decisão de incorporação no SUS,Tratamento em primeira linha para leucemia promieloctica aguda de risco baixo a intermediário.,Incorporação,2025-10-09
Externa,2024-12-11,Medicamento,Neurologia,AstraZeneca do Brasil ,Selumetinibe,Processo encerrado: decisão de não incorporação no SUS,Tratamento de pacientes pediátricos com neurofibromatose tipo 1 (NF1) e neurofibroma plexiforme inoperável sintomático.,Incorporação,2025-09-26
Externa,2024-12-16,Medicamento,Endocrinologia,Novo Nordisk Farmacêutica do Brasil,Semaglutida,Processo encerrado: decisão de não incorporação no SUS,"Tratamento de pacientes com obesidade grau II e III, sem diabetes, com idade a partir de 45 anos e com doença cardiovascular estabelecida .",Incorporação,2025-09-16
Externa,2024-12-20,Medicamento,Imunologia,Pfizer Brasil,Vacina pneumocócica 20-valente (conjugada),Processo encerrado: decisão de incorporação no SUS,Imunização de pacientes de alto risco a partir de 5 anos de idade contra doença pneumocócica.,Incorporação,2026-01-12
Externa,2024-12-20,Medicamento,Oncologia,Eli Lilly do Brasil ,Abemaciclibe,Processo encerrado: decisão de incorporação no SUS,"Tratamento de câncer de mama precoce, receptor hormonal positivo, receptor do fator de crescimento epidérmico humano 2 (HER2) negativo, linfonodo positivo e com alto risco de recorrência.",Incorporação,2025-11-03
Externa,2025-01-11,Medicamento,Endocrinologia,Associação Brasileira para o Estudo da Obesidade e Síndrome Metabólica Abeso,Liraglutida,Processo encerrado: decisão de não incorporação no SUS,Tratamento de pacientes com obesidade e diabetes mellitus tipo 2.,Incorporação,2025-09-16
Externa,2025-01-15,Medicamento,Neurologia,Produtos Roche Químicos e Farmacêuticos,Delandistrogeno moxeparvoveque,Processo encerrado: decisão de não incorporação no SUS,Tratamento de pacientes deambuladores de 4 a 7 anos de idade com diagnóstico de distrofia muscular de Duchenne.,Incorporação,2025-08-13
Externa,2025-01-18,Procedimento,Urologia,Sociedade Brasileira de Urologia,Esfíncter urinário artificial,Processo encerrado: decisão de incorporação no SUS,Tratamento da incontinência urinária grave pós-prostatectomia radical.,Incorporação,2026-01-08
Externa,2025-02-13,Medicamento,Ginecologia,Laboratórios Ferring  ,Carbetocina,Processo encerrado: decisão de não incorporação no SUS,Para a prevenção da hemorragia pós-parto.,Incorporação,2025-11-03
Externa,2025-02-28,Medicamento,Hematologia,Produtos Roche Químicos e Farmacêuticos,Emicizumabe,Processo encerrado: decisão de incorporação no SUS,"Tratamento profilático de pacientes com hemofilia A grave ou com nível de atividade de fator VIII inferior a 2%, sem anticorpos inibidores do fator VIII, com até 6 anos de idade no início do tratamento.",Incorporação,2025-12-29
Externa,2025-03-05,Procedimento,Oncologia,Sociedade Brasileira de Mastologia SBM,Sequenciamento de nova geração (NGS),Processo encerrado: decisão de incorporação no SUS,Identificação de mutação nos genes BRCA1/2 em mulheres com câncer.,Incorporação,2026-05-13
Externa,2025-04-01,Medicamento,Nefrologia,Bayer,Finerenona,Processo encerrado: decisão de não incorporação no SUS,Tratamento da doença renal crônica estágios 3 e 4 com albuminúria associada ao diabetes tipo 2.,Incorporação,2025-12-29
Externa,2025-04-03,Medicamento,Imunologia,GlaxoSmithKline Brasil,Vacina adsorvida meningocócica B (recombinante),Processo encerrado: decisão de não incorporação no SUS,Prevenção de doença meningocócica do sorotipo B em crianças menores de 1 ano de idade.,Incorporação,2026-04-17
Externa,2025-04-09,Medicamento,Hematologia,Novartis Biociências,Asciminibe,Processo encerrado: decisão de incorporação no SUS,"Tratamento de pacientes adultos com leucemia mieloide crônica cromossomo Philadelfphia positivo, em fase crônica, previamente tratados com dois ou mais inibidores da tirosina quinase.",Incorporação,2026-01-12
Externa,2025-04-29,Medicamento,Hematologia,Bristol Myers Squibb Farmacêutica,Luspatercepte,Processo encerrado: decisão de não incorporação no SUS,Tratamento de pacientes adultos com anemia dependente de transfusão associada à beta-talassemia.,Incorporação,2026-03-11
Externa,2025-05-06,Medicamento,Hematologia,Novartis Biociências,Iptacopana,Em análise após consulta pública,Tratamento de pacientes adultos com hemoglobinúria paroxística noturna previamente tratados com inibidor de C5 e com hemoglobina <10 g/dL.,Incorporação,
Externa,2025-05-16,Medicamento,Oncologia,Produtos Roche Químicos e Farmacêuticos,Pertuzumabe em combinação com trastuzumabe,Processo encerrado: decisão de não incorporação no SUS,Tratamento neoadjuvante de pacientes com câncer de mama HER2-positivo inicial.,Incorporação,2026-02-18
Externa,2025-06-04,Procedimento,Otorrinolaringologia,"
Instituto Pró-IOU",Sistema de implante auditivo de ouvido médio,Processo encerrado: decisão de não incorporação no SUS,Tratamento de pacientes com perda auditiva neurossensorial leve a severa que não podem usar aparelhos auditivos convencionais por razões médicas.,Incorporação,2026-05-29
Externa,2025-06-10,Medicamento,Hematologia,Produtos Roche Químicos e Farmacêuticos,Crovalimabe,Em consulta pública,"Tratamento de pacientes adultos e pediátricos com 13 anos e com peso de pelo menos 40 kg com hemoglobinúria paroxística noturna, virgens de tratamento ou que receberam tratamento prévio com inibidores de C5",Incorporação,
Externa,2025-07-08,Medicamento,Hematologia,Associação Brasileira de Hematologia Hemoterapia e Terapia Celular ABHH,Lenalidomida,Processo encerrado: decisão de incorporação no SUS,Tratamento de manutenção de pacientes com mieloma múltiplo recém-diagnosticado que foram submetidos a transplante autólogo de células-tronco.,Incorporação,2026-05-29
Externa,2025-07-18,Medicamento,Neurologia,Supremo Tribunal Federal,Onasemnogeno abeparvoveque,Processo encerrado: decisão de não incorporação no SUS,Tratamento de crianças de até 2 anos de idade diagnosticadas com atrofia muscular espinhal tipos 1 e 2.,Ampliação de Uso,2026-01-12
Externa,2025-08-19,Medicamento,Oncologia,Merck Sharp & Dohme Farmacêutica,Pembrolizumabe,Em análise após consulta pública,Tratamento de câncer de mama triplo negativo em estágio inicial de alto risco.,Incorporação,
Externa,2025-08-20,Medicamento,Oncologia,Merck Sharp & Dohme Farmacêutica,Pembrolizumabe,Em análise após consulta pública,Tratamento de primeira linha de câncer de pulmão de células não pequenas estágio IV com alta expressão de PD-L1.,Incorporação,
Externa,2025-08-28,Medicamento,Hematologia,Associação Brasileira de Hematologia Hemoterapia e Terapia Celular ABHH,Venetoclax em combinação com azacitidina ,Processo encerrado: decisão de incorporação no SUS,Tratamento de pacientes adultos recém-diagnosticados com LMA e inelegíveis à quimioterapia intensiva.,Incorporação,2026-06-15
Externa,2025-08-29,Medicamento,Neurologia,Teva Farmacêutica,Deutetrabenazina,Em análise após consulta pública,Tratamento de pacientes adultos com coreia associada à Doença de Huntington.,Incorporação,
Externa,2025-09-09,Medicamento,Hematologia,Novo Nordisk Farmacêutica do Brasil,Concizumabe,Em análise após consulta pública,Tratamento profilático de longa duração contra sangramentos em pacientes com hemofilia b moderadaa grave com inibidores com idade a partir de 12 anos.,Incorporação,
Externa,2025-09-12,Medicamento,Infectologia,GlaxoSmithKline Brasil,Cabotegravir,Processo encerrado: a pedido do demandante,Prevenção do HIV em minorias de sexo e genêro com risco aumentado para infecção pelo HIV-1 (Homens que fazem sexo com homens e mulheres transgênero entre 15 e 30 anos) .,Incorporação,
Externa,2025-09-12,Medicamento,Neurologia,Daiichi Sankyo Brasil Farmacêutica ,Edaravona,Em análise após consulta pública,"Tratamento de pacientes adultos com ELA, grau 1 ou 2, e duração da doença menor ou igual a 2 anos (early stage).",Incorporação,
Externa,2025-09-19,Medicamento,Genética,BioMarin Brasil Farmacêutica,Vosoritida,Em análise após consulta pública,Tratamento de pacientes com acondroplasia a partir de 6 meses de idade e cujas epífises não estão fechadas.,Incorporação,
Externa,2025-10-08,Medicamento,Neurologia,Eurofarma Laboratórios ,Dicloridrato de pramipexol,Em análise após consulta pública,Tratamento de pacientes com doença de Parkinson idiopática em fase inicial ou avançada.,Incorporação,
Externa,2025-10-10,Produto,Cardiovascular,St. Jude Medical Brasil,Tomografia de coerência óptica,Em consulta pública,Guiar angioplastia com implante de stent.,Incorporação,
Externa,2025-10-15,Medicamento,Oncologia,Merck Sharp & Dohme Farmacêutica,Pembrolizumabe,Em análise após consulta pública,Tratamento de primeira linha do carcinoma de esôfago avançado ou metastático com expressão de PD-L1.,Incorporação,
Externa,2025-10-15,Medicamento,Oncologia,Merck Sharp & Dohme Farmacêutica,Pembrolizumabe,Em análise após consulta pública,"Tratamento do câncer de colo do útero (cervical) persistente, recorrente ou metastático para tumores que expressam PD-L1 (PPC).",Incorporação,
Externa,2025-11-03,Produto,Terapia,Edwards Lifesciences Comercio de Produtos MedicoCirurgicos ,Sensor pré-calibrado,Em consulta pública,"Monitorização hemodinâmica avançada do débito cardíaco contínuo, por contorno de pulso e avaliação a fluidoresponsividade, para cirurgias de grande porte não cardíacas, e de alto risco.",Incorporação,
Externa,2025-11-19,Medicamento,Psiquiatria,Eurofarma Laboratórios ,Carbonato de lítio,Em consulta pública,Tratamento de pacientes com transtorno bipolar tipo I.,Incorporação,
Externa,2025-11-28,Medicamento,Hematologia,Pfizer Brasil,Marstacimabe,Em análise após consulta pública,"Tratamento profilático para prevenir ou reduzir a frequência de episódios de sangramento em pacientes adultos e adolescentes com 12 ou mais, com hemofilia B grave sem inibidor contra o fator de coagulação.",Incorporação,
Externa,2025-12-04,Medicamento,Cardiovascular,Viatris Farmacêutica do Brasil,Eplerenona,Em análise," Tratamento de insuficiência cardíaca com fração de ejeção reduzida (ICFEr), classes funcionais II a IV da New York Heart Association (NYHA), com fração de ejeção do ventrículo esquerdo ≤40%.",Incorporação,
Externa,2025-12-30,Procedimento,Infectologia,Sociedade Brasileira de Infectologia,PCR Multiplex,Em análise,Diagnóstico de sepse e/ou infecção da corrente sanguínea (ICS) em pacientes internado em UTI com suspeita de sepse e/ou ICS com hemocultura positiva.,Incorporação,
Externa,2026-01-12,Medicamento,Oncologia,3ª Vara Federal de Porto Alegre,Vismodegibe,Em análise após consulta pública,Tratamento de carcinoma basocelular.,Incorporação,
Externa,2026-01-13,Medicamento,Genética,Vertex Farmacêutica do Brasil,Elexacaftor + tezacaftor + ivacafto,Em consulta pública,Tratamento de pacientes com fibrose cística com seis anos de idade ou mais e pelo menos uma variante não F508del no gene CFTR que seja responsiva ao medicamento.,Incorporação,
Externa,2026-01-13,Medicamento,Genética,Vertex Farmacêutica do Brasil,Elexacaftor + tezacaftor + ivacafto,Em consulta pública,Tratamento de pacientes com fibrose cística com dois a cinco ano de idade e pelo menos uma variante F508del no gene CFTR.,Incorporação,
Externa,2026-01-19,Procedimento,Cardiovascular,Sociedade Brasileira de Cardiologia,Angiotomografia coronariana,Em análise,Primeira linha em pacientes sintomáticos e probabilidade pré-teste baixa ou intermediária com suspeita de doença arterial coronariana estável.,Incorporação,
Externa,2026-01-20,Procedimento,Oncologia,Fabinject Indústria e Comércio Importação e Exportação,Touca Gelada Brasileira,Em análise,Resfriamento do couro cabeludo por sistema automatizado para o tratamento da alopecia induzida por quimioterapia em pacientes com câncer de mama.,Incorporação,
Externa,2026-01-22,Procedimento,Oncologia,H Strattner e Cia,Ressecção retal assistida por robô,Em análise,Pacientes com câncer de reto localizado ou localmente avançado - estádios I a III.,Incorporação,
Externa,2026-01-23,Medicamento,Pneumologia,Merck Sharp & Dohme Farmacêutica,Sotatercepte,Em análise,"Adultos com hipertensão arterial pulmonar em classes funcionais OMS III e IV, risco intermediário a alto de morte, em uso de terapias dupla (intolerantes às prostaciclinas) ou terapia tripla.",Incorporação,
Externa,2026-01-28,Medicamento,Hematologia,Pint Pharma Produtos Médico-Hospitalares e Farmacêuticos,Pegcetacoplana,Em consulta pública,Tratamento de pacientes adultos com hemoglobinúria paroxística noturna (HPN) previamente tratados com inibidores do complemento (eculizumabe ou ravulizumabe) que apresentem resposta insatisfatoria ou refratariedade ao bloqueio distal do complemento (C5).,Incorporação,
Externa,2026-02-04,Medicamento,Neurologia ,AbbVie Farmacêutica ,Toxina botulínica A,Em análise,"Tratamento profilático de migrânea crônica em adultos que apresentaram resposta inadequada, intolerância ou são contra indicados a pelo menos 3 medicamentos profiláticos.",Incorporação,
Externa,2026-02-06,Medicamento,Oncologia,Novartis Biociências,Succinato de ribociclibe,Em análise,"Tratamento adjuvante de pacientes adultos com câncer de mama inicial RH+/HER2-, linfonodo positivo (N+) e com alto risco de recorrência.",Incorporação,
Externa,2026-02-10,Medicamento,Hepatologia,Beaufour Ipsen Farmacêutica,Elafibranor,Em análise,Tratamento de pacientes adultos com colangite biliar primária com uma resposta inadequada ou intolerantes ao ácido ursodesoxicólico.,Incorporação,
Externa,2026-02-11,Produto,Endocrinologia,Abbott Laboratórios do Brasil,Sistema Flash de Monitoramento de Glicose - Sensor,Em análise,Monitoramento contínuo de glicose em pessoas com diabetes mellitus tipo 1.,Incorporação,
Externa,2026-02-20,Medicamento,Neurologia ,Alnylam Brasil Famacêutica,Vutrisirana sódica,Em análise,Tratamento de pacientes adultos com amiloidose hATTR com polineuropatia em estágio II.,Incorporação,
Externa,2026-02-20,Medicamento,Neurologia ,Alnylam Brasil Famacêutica,Vutrisirana sódica,Em análise,Tratamento de pacientes adultos com amiloidose hATTR com polineuropatia em estágio I.,Incorporação,
Externa,2026-02-24,Medicamento,Infectologia,GlaxoSmithKline Brasil ,Cabotegravir,Em análise,Prevenção do HIV em minorias de sexo e genêro com risco aumentado para infecção pelo HIV-1 (Homens que fazem sexo com homens e mulheres transgênero entre 15 e 30 anos).,Incorporação,
Externa,2026-03-17,Medicamento,Hepatologia,Beaufour Ipsen Farmacêutica,Odevixibate,Em análise,Tratamento de prurido colestático da síndrome de Alagille (ALGS) em pacientes com 12 meses ou mais.,Incorporação,
Externa,2026-03-30,Medicamento,Oncologia,GlaxoSmithKline Brasil,Dostarlimabe,Em análise,Tratamento de mulheres adultas com câncer do endométrio primário avançado (estágios III e IV) ou recorrente com deficiência de enzimas de reparo (dMMR) ou alta instabilidade de microssatélite (MSI-H).,Incorporação,
Externa,2026-04-06,Medicamento,Reumatologia,Theramex Farmaceutica,Risedronato sódico comprimido revestido de liberação retardada,Em análise,Tratamento de mulheres com osteoporose e com idade maior ou igual 70 anos.,Incorporação,
Externa,2026-04-30,Medicamento,Hepatologia,Beaufour Ipsen Farmacêutica,Odevixibate,Em análise,Tratamento da colestase intra-hepática familiar progressiva (PFIC) em pacientes com seis meses ou mais.,Incorporação,
Externa,2026-04-30,Medicamento,Pneumologia,Bayer ,Riociguate,Em análise,"Tratamento de pacientes adultos com hipertensão pulmonar tromboembólica crônica (HPTEC), que apresentam HPTEC inoperável ou persistente/recorrente após tratamento mecânico por angioplastia por balão (BPA).",Incorporação,
Externa,2026-05-05,Medicamento,Endocrinologia,Novo Nordisk Farmacêutica do Brasil,Semaglutida,Em análise,"Prevenção de eventos cardiovasculares graves em pacientes com 45 anos ou mais, sem diabetes, com obesidade graus I e II (IMC ≥ 30 e < 40 kg/m2), com IAM prévio, em uso de prevenção secundária.",Incorporação,
Externa,2026-05-06,Procedimento,Pneumologia,Bianca Fidelix Espindula,Criobiópsia transbrônquica,Em análise,Investigação de doenças pulmonares intersticiais.,Incorporação,
Externa,2026-05-08,Medicamento,Neurologia ,Biogen Brasil Produtos Farmacêuticos ,Omaveloxolona,Em análise,Tratamento da ataxia de Friedreich em adultos e adolescentes com 16 anos de idade ou mais.,Incorporação,
Externa,2026-05-15,Medicamento,Oftamologia,Amgen Biotecnologia do Brasil ,Teprotumumabe,Em análise,Tratamento da doença ocular da tireoide ativa moderada a grave.,Incorporação,
Externa,2026-05-22,Medicamento,Oncologia,Takeda Pharma ,Brentuximabe vedotina,Em análise,"Tratamento de pacientes adultos (18 a 59 anos) com linfoma de Hodgkin clássico (LHc), 1ª linha, estágio avançado (IIB bulky, III e IV) e IPS ≥ 3",Incorporação,
Externa,2026-05-29,Medicamento,Oncologia,Libbs Farmacêutica ,Bevacizumabe biossimilar,Em análise,Tratamento do câncer colorretal metastático em primeira linha,Incorporação,
